latitude,longitude
52.32819,4.823994
52.3282,4.826397
52.32821,4.828801
52.32822,4.831204
52.32823,4.833608
52.32824,4.836011
52.32825,4.838414
52.32827,4.840817
52.32828,4.843221
52.32829,4.845624
52.3283,4.848028
52.32831,4.850431
52.32832,4.852834
52.32833,4.855238
52.32834,4.857641
52.32835,4.860044
52.32836,4.862448
52.32837,4.864851
52.32838,4.867255
52.3284,4.869658
52.3284,4.872061
52.32841,4.874465
52.32843,4.876868
52.32844,4.879272
52.32845,4.881675
52.32846,4.884079
52.32847,4.886482
52.32848,4.888885
52.32849,4.891288
52.3285,4.893692
52.32851,4.896095
52.32852,4.898499
52.32853,4.900902
52.32854,4.903306
52.32855,4.905709
52.32856,4.908112
52.32857,4.910516
52.32858,4.912919
52.32859,4.915322
52.32859,4.917726
52.32861,4.920129
52.32861,4.922533
52.32862,4.924936
52.32863,4.92734
52.32864,4.929743
52.32865,4.932147
52.32866,4.93455
52.32867,4.936953
52.32868,4.939357
52.32869,4.94176
52.3287,4.944163
52.3287,4.946567
52.32872,4.94897
52.32872,4.951374
52.32873,4.953777
52.32874,4.956181
52.32875,4.958584
52.32876,4.960988
52.32877,4.963391
52.32878,4.965794
52.32878,4.968198
52.32879,4.970601
52.3288,4.973004
52.32881,4.975408
52.32966,4.823976
52.32967,4.826379
52.32968,4.828782
52.32969,4.831186
52.3297,4.833589
52.32972,4.835992
52.32973,4.838396
52.32974,4.840799
52.32975,4.843203
52.32976,4.845606
52.32977,4.84801
52.32978,4.850413
52.32979,4.852817
52.3298,4.85522
52.32981,4.857624
52.32983,4.860027
52.32983,4.862431
52.32985,4.864834
52.32986,4.867238
52.32987,4.869641
52.32988,4.872045
52.32989,4.874448
52.3299,4.876851
52.32991,4.879255
52.32992,4.881658
52.32993,4.884062
52.32994,4.886465
52.32995,4.888869
52.32996,4.891272
52.32997,4.893675
52.32998,4.896079
52.32999,4.898482
52.33,4.900886
52.33001,4.903289
52.33002,4.905693
52.33003,4.908096
52.33004,4.9105
52.33005,4.912903
52.33006,4.915307
52.33007,4.91771
52.33008,4.920114
52.33009,4.922517
52.3301,4.924921
52.3301,4.927324
52.33012,4.929728
52.33012,4.932131
52.33013,4.934535
52.33014,4.936938
52.33015,4.939342
52.33016,4.941745
52.33017,4.944149
52.33018,4.946552
52.33019,4.948956
52.3302,4.951359
52.3302,4.953763
52.33022,4.956166
52.33022,4.95857
52.33023,4.960973
52.33024,4.963377
52.33025,4.96578
52.33026,4.968184
52.33027,4.970587
52.33027,4.972991
52.33028,4.975394
52.33113,4.823956
52.33114,4.82636
52.33115,4.828764
52.33117,4.831167
52.33118,4.833571
52.33119,4.835974
52.3312,4.838378
52.33121,4.840781
52.33122,4.843185
52.33123,4.845588
52.33124,4.847992
52.33125,4.850395
52.33126,4.852799
52.33128,4.855203
52.33129,4.857606
52.3313,4.86001
52.33131,4.862413
52.33132,4.864817
52.33133,4.86722
52.33134,4.869624
52.33135,4.872027
52.33136,4.874431
52.33137,4.876834
52.33138,4.879238
52.33139,4.881641
52.3314,4.884045
52.33141,4.886448
52.33142,4.888852
52.33143,4.891256
52.33144,4.893659
52.33145,4.896063
52.33146,4.898466
52.33147,4.90087
52.33148,4.903274
52.33149,4.905677
52.3315,4.908081
52.33151,4.910484
52.33152,4.912888
52.33153,4.915291
52.33154,4.917695
52.33155,4.920098
52.33156,4.922502
52.33157,4.924905
52.33158,4.927309
52.33159,4.929713
52.3316,4.932116
52.3316,4.93452
52.33162,4.936924
52.33162,4.939327
52.33163,4.94173
52.33164,4.944134
52.33165,4.946537
52.33166,4.948941
52.33167,4.951345
52.33168,4.953748
52.33169,4.956152
52.3317,4.958556
52.3317,4.960959
52.33171,4.963363
52.33172,4.965766
52.33173,4.96817
52.33174,4.970573
52.33175,4.972977
52.33176,4.97538
52.3326,4.823938
52.33261,4.826342
52.33263,4.828745
52.33264,4.831149
52.33265,4.833552
52.33266,4.835956
52.33267,4.83836
52.33268,4.840763
52.3327,4.843167
52.3327,4.845571
52.33271,4.847974
52.33273,4.850378
52.33274,4.852781
52.33275,4.855185
52.33276,4.857588
52.33277,4.859992
52.33278,4.862396
52.33279,4.864799
52.3328,4.867203
52.33281,4.869606
52.33282,4.87201
52.33283,4.874414
52.33284,4.876817
52.33286,4.879221
52.33286,4.881625
52.33287,4.884028
52.33289,4.886432
52.33289,4.888835
52.3329,4.891239
52.33292,4.893643
52.33292,4.896047
52.33294,4.89845
52.33294,4.900854
52.33295,4.903257
52.33297,4.905661
52.33297,4.908065
52.33298,4.910468
52.33299,4.912872
52.333,4.915276
52.33301,4.917679
52.33302,4.920083
52.33303,4.922486
52.33304,4.92489
52.33305,4.927294
52.33306,4.929698
52.33307,4.932101
52.33308,4.934505
52.33309,4.936908
52.3331,4.939312
52.33311,4.941716
52.33311,4.944119
52.33312,4.946523
52.33313,4.948926
52.33314,4.95133
52.33315,4.953734
52.33316,4.956138
52.33317,4.958541
52.33318,4.960945
52.33318,4.963349
52.33319,4.965752
52.3332,4.968156
52.33321,4.97056
52.33322,4.972963
52.33323,4.975367
52.33408,4.823919
52.33409,4.826323
52.3341,4.828727
52.33411,4.831131
52.33412,4.833534
52.33413,4.835938
52.33414,4.838341
52.33416,4.840745
52.33417,4.843149
52.33418,4.845552
52.33419,4.847956
52.3342,4.85036
52.33421,4.852764
52.33422,4.855167
52.33423,4.857571
52.33424,4.859974
52.33425,4.862378
52.33426,4.864782
52.33427,4.867186
52.33429,4.869589
52.33429,4.871993
52.3343,4.874397
52.33432,4.876801
52.33433,4.879204
52.33434,4.881608
52.33435,4.884012
52.33436,4.886415
52.33437,4.888819
52.33438,4.891223
52.33439,4.893626
52.3344,4.89603
52.33441,4.898434
52.33442,4.900837
52.33443,4.903241
52.33444,4.905645
52.33445,4.908049
52.33446,4.910452
52.33447,4.912856
52.33448,4.91526
52.33448,4.917664
52.3345,4.920067
52.3345,4.922471
52.33451,4.924875
52.33452,4.927279
52.33453,4.929682
52.33454,4.932086
52.33455,4.93449
52.33456,4.936893
52.33457,4.939297
52.33458,4.941701
52.33459,4.944105
52.33459,4.946508
52.33461,4.948912
52.33461,4.951316
52.33462,4.95372
52.33463,4.956123
52.33464,4.958527
52.33465,4.960931
52.33466,4.963335
52.33467,4.965738
52.33467,4.968142
52.33468,4.970546
52.33469,4.97295
52.3347,4.975353
52.33555,4.823901
52.33556,4.826304
52.33557,4.828708
52.33558,4.831112
52.33559,4.833516
52.33561,4.835919
52.33562,4.838323
52.33563,4.840727
52.33564,4.843131
52.33565,4.845534
52.33566,4.847938
52.33567,4.850342
52.33568,4.852746
52.33569,4.85515
52.3357,4.857553
52.33572,4.859957
52.33572,4.862361
52.33574,4.864765
52.33575,4.867168
52.33576,4.869572
52.33577,4.871976
52.33578,4.87438
52.33579,4.876783
52.3358,4.879188
52.33581,4.881591
52.33582,4.883995
52.33583,4.886399
52.33584,4.888803
52.33585,4.891206
52.33586,4.89361
52.33587,4.896014
52.33588,4.898417
52.33589,4.900822
52.3359,4.903225
52.33591,4.905629
52.33592,4.908033
52.33593,4.910437
52.33594,4.91284
52.33595,4.915244
52.33596,4.917648
52.33597,4.920052
52.33598,4.922456
52.33599,4.92486
52.33599,4.927263
52.33601,4.929667
52.33601,4.932071
52.33602,4.934474
52.33603,4.936879
52.33604,4.939282
52.33605,4.941686
52.33606,4.94409
52.33607,4.946494
52.33608,4.948897
52.33609,4.951302
52.33609,4.953705
52.33611,4.956109
52.33611,4.958513
52.33612,4.960917
52.33613,4.963321
52.33614,4.965724
52.33615,4.968128
52.33615,4.970532
52.33616,4.972936
52.33617,4.97534
52.33702,4.823882
52.33703,4.826286
52.33704,4.82869
52.33706,4.831093
52.33707,4.833498
52.33708,4.835901
52.33709,4.838305
52.3371,4.840709
52.33711,4.843112
52.33712,4.845517
52.33713,4.84792
52.33714,4.850324
52.33715,4.852728
52.33717,4.855132
52.33718,4.857536
52.33719,4.85994
52.3372,4.862343
52.33721,4.864748
52.33722,4.867151
52.33723,4.869555
52.33724,4.871959
52.33725,4.874363
52.33726,4.876767
52.33727,4.87917
52.33728,4.881574
52.33729,4.883978
52.3373,4.886382
52.33731,4.888786
52.33732,4.89119
52.33733,4.893594
52.33734,4.895998
52.33735,4.898401
52.33736,4.900805
52.33737,4.903209
52.33738,4.905613
52.33739,4.908017
52.3374,4.910421
52.33741,4.912825
52.33742,4.915228
52.33743,4.917633
52.33744,4.920036
52.33745,4.92244
52.33746,4.924844
52.33747,4.927248
52.33748,4.929652
52.33749,4.932056
52.33749,4.93446
52.33751,4.936863
52.33751,4.939268
52.33752,4.941671
52.33753,4.944075
52.33754,4.946479
52.33755,4.948883
52.33756,4.951287
52.33757,4.953691
52.33758,4.956095
52.33759,4.958498
52.33759,4.960903
52.3376,4.963306
52.33761,4.96571
52.33762,4.968114
52.33763,4.970518
52.33764,4.972922
52.33765,4.975326
52.33849,4.823864
52.3385,4.826267
52.33852,4.828671
52.33853,4.831075
52.33854,4.833479
52.33855,4.835883
52.33856,4.838287
52.33857,4.840691
52.33858,4.843095
52.33859,4.845499
52.3386,4.847902
52.33862,4.850307
52.33863,4.85271
52.33864,4.855114
52.33865,4.857518
52.33866,4.859922
52.33867,4.862326
52.33868,4.86473
52.33869,4.867134
52.3387,4.869538
52.33871,4.871942
52.33872,4.874346
52.33873,4.87675
52.33875,4.879154
52.33875,4.881557
52.33876,4.883962
52.33878,4.886365
52.33878,4.88877
52.33879,4.891173
52.33881,4.893577
52.33881,4.895981
52.33883,4.898385
52.33883,4.900789
52.33884,4.903193
52.33886,4.905597
52.33886,4.908001
52.33887,4.910405
52.33888,4.912809
52.33889,4.915213
52.3389,4.917617
52.33891,4.920021
52.33892,4.922425
52.33893,4.924829
52.33894,4.927233
52.33895,4.929637
52.33896,4.932041
52.33897,4.934445
52.33898,4.936849
52.33899,4.939253
52.339,4.941657
52.339,4.944061
52.33901,4.946465
52.33902,4.948869
52.33903,4.951272
52.33904,4.953677
52.33905,4.95608
52.33906,4.958485
52.33907,4.960888
52.33907,4.963293
52.33908,4.965696
52.33909,4.968101
52.3391,4.970504
52.33911,4.972908
52.33912,4.975312
52.33997,4.823844
52.33998,4.826249
52.33999,4.828652
52.34,4.831057
52.34001,4.833461
52.34002,4.835865
52.34003,4.838269
52.34005,4.840672
52.34006,4.843077
52.34007,4.84548
52.34008,4.847885
52.34009,4.850288
52.3401,4.852693
52.34011,4.855097
52.34012,4.857501
52.34013,4.859905
52.34014,4.862309
52.34015,4.864713
52.34016,4.867117
52.34018,4.869521
52.34018,4.871925
52.34019,4.874329
52.34021,4.876733
52.34022,4.879137
52.34023,4.881541
52.34024,4.883945
52.34025,4.886349
52.34026,4.888753
52.34027,4.891157
52.34028,4.893561
52.34029,4.895965
52.3403,4.898369
52.34031,4.900773
52.34032,4.903177
52.34033,4.905581
52.34034,4.907985
52.34035,4.910389
52.34035,4.912793
52.34037,4.915197
52.34037,4.917601
52.34039,4.920005
52.34039,4.92241
52.3404,4.924813
52.34041,4.927217
52.34042,4.929622
52.34043,4.932025
52.34044,4.93443
52.34045,4.936834
52.34046,4.939238
52.34047,4.941642
52.34048,4.944046
52.34048,4.94645
52.3405,4.948854
52.3405,4.951258
52.34051,4.953662
52.34052,4.956066
52.34053,4.95847
52.34054,4.960874
52.34055,4.963278
52.34056,4.965683
52.34056,4.968087
52.34057,4.97049
52.34058,4.972895
52.34059,4.975299
52.34144,4.823826
52.34145,4.82623
52.34146,4.828634
52.34147,4.831038
52.34148,4.833442
52.3415,4.835846
52.34151,4.83825
52.34152,4.840654
52.34153,4.843059
52.34154,4.845463
52.34155,4.847867
52.34156,4.850271
52.34157,4.852675
52.34158,4.855079
52.34159,4.857483
52.34161,4.859887
52.34161,4.862291
52.34163,4.864696
52.34164,4.867099
52.34165,4.869503
52.34166,4.871908
52.34167,4.874312
52.34168,4.876716
52.34169,4.87912
52.3417,4.881524
52.34171,4.883928
52.34172,4.886332
52.34173,4.888736
52.34174,4.89114
52.34175,4.893545
52.34176,4.895949
52.34177,4.898353
52.34178,4.900757
52.34179,4.903161
52.3418,4.905565
52.34181,4.907969
52.34182,4.910373
52.34183,4.912777
52.34184,4.915182
52.34185,4.917586
52.34186,4.91999
52.34187,4.922394
52.34188,4.924798
52.34188,4.927202
52.3419,4.929606
52.3419,4.932011
52.34191,4.934415
52.34192,4.936819
52.34193,4.939223
52.34194,4.941627
52.34195,4.944031
52.34196,4.946435
52.34197,4.94884
52.34198,4.951243
52.34198,4.953648
52.342,4.956052
52.342,4.958456
52.34201,4.96086
52.34202,4.963264
52.34203,4.965669
52.34204,4.968072
52.34204,4.970477
52.34205,4.972881
52.34206,4.975285
52.34291,4.823807
52.34292,4.826211
52.34293,4.828616
52.34295,4.83102
52.34296,4.833424
52.34297,4.835828
52.34298,4.838232
52.34299,4.840636
52.343,4.84304
52.34301,4.845445
52.34302,4.847849
52.34303,4.850253
52.34304,4.852657
52.34306,4.855062
52.34307,4.857466
52.34308,4.859869
52.34309,4.862274
52.3431,4.864678
52.34311,4.867082
52.34312,4.869486
52.34313,4.871891
52.34314,4.874295
52.34315,4.876699
52.34316,4.879103
52.34317,4.881507
52.34318,4.883912
52.34319,4.886316
52.3432,4.88872
52.34321,4.891124
52.34322,4.893528
52.34323,4.895932
52.34324,4.898336
52.34325,4.900741
52.34326,4.903145
52.34327,4.905549
52.34328,4.907953
52.34329,4.910357
52.3433,4.912762
52.34331,4.915166
52.34332,4.91757
52.34333,4.919974
52.34334,4.922379
52.34335,4.924783
52.34336,4.927187
52.34337,4.929591
52.34338,4.931995
52.34338,4.9344
52.3434,4.936804
52.3434,4.939208
52.34341,4.941612
52.34342,4.944016
52.34343,4.946421
52.34344,4.948825
52.34345,4.951229
52.34346,4.953633
52.34347,4.956038
52.34348,4.958442
52.34348,4.960846
52.34349,4.96325
52.3435,4.965654
52.34351,4.968059
52.34352,4.970463
52.34352,4.972867
52.34354,4.975271
52.34438,4.823789
52.34439,4.826193
52.34441,4.828597
52.34442,4.831001
52.34443,4.833405
52.34444,4.83581
52.34445,4.838214
52.34446,4.840618
52.34447,4.843022
52.34448,4.845427
52.34449,4.847831
52.34451,4.850235
52.34452,4.85264
52.34453,4.855044
52.34454,4.857448
52.34455,4.859852
52.34456,4.862257
52.34457,4.864661
52.34458,4.867065
52.34459,4.869469
52.3446,4.871873
52.34461,4.874278
52.34462,4.876682
52.34464,4.879086
52.34464,4.881491
52.34465,4.883895
52.34467,4.886299
52.34467,4.888703
52.34468,4.891108
52.3447,4.893512
52.3447,4.895916
52.34472,4.89832
52.34472,4.900725
52.34473,4.903129
52.34475,4.905533
52.34475,4.907938
52.34476,4.910342
52.34477,4.912746
52.34478,4.91515
52.34479,4.917554
52.3448,4.919959
52.34481,4.922363
52.34482,4.924767
52.34483,4.927172
52.34484,4.929576
52.34485,4.93198
52.34486,4.934385
52.34487,4.936789
52.34488,4.939193
52.34489,4.941597
52.34489,4.944002
52.3449,4.946406
52.34491,4.948811
52.34492,4.951215
52.34493,4.953619
52.34494,4.956023
52.34495,4.958427
52.34496,4.960832
52.34496,4.963236
52.34497,4.965641
52.34498,4.968045
52.34499,4.970449
52.345,4.972853
52.34501,4.975258
52.34586,4.82377
52.34587,4.826174
52.34588,4.828578
52.34589,4.830983
52.3459,4.833387
52.34591,4.835792
52.34592,4.838196
52.34594,4.8406
52.34595,4.843004
52.34595,4.845409
52.34597,4.847813
52.34598,4.850217
52.34599,4.852622
52.346,4.855026
52.34601,4.85743
52.34602,4.859835
52.34603,4.862239
52.34604,4.864644
52.34605,4.867048
52.34607,4.869452
52.34607,4.871856
52.34608,4.874261
52.3461,4.876665
52.34611,4.879069
52.34612,4.881474
52.34613,4.883878
52.34614,4.886282
52.34615,4.888687
52.34616,4.891091
52.34617,4.893496
52.34618,4.8959
52.34619,4.898304
52.3462,4.900709
52.34621,4.903113
52.34622,4.905517
52.34623,4.907922
52.34624,4.910326
52.34624,4.91273
52.34626,4.915134
52.34626,4.917539
52.34628,4.919943
52.34628,4.922348
52.34629,4.924752
52.3463,4.927156
52.34631,4.929561
52.34632,4.931965
52.34633,4.93437
52.34634,4.936774
52.34635,4.939178
52.34636,4.941583
52.34637,4.943987
52.34637,4.946392
52.34639,4.948796
52.34639,4.9512
52.3464,4.953605
52.34641,4.956009
52.34642,4.958413
52.34643,4.960818
52.34644,4.963222
52.34645,4.965627
52.34645,4.968031
52.34646,4.970435
52.34647,4.97284
52.34648,4.975244
52.34733,4.823751
52.34734,4.826156
52.34735,4.82856
52.34736,4.830965
52.34737,4.833369
52.34739,4.835773
52.3474,4.838178
52.34741,4.840582
52.34742,4.842987
52.34743,4.845391
52.34744,4.847795
52.34745,4.8502
52.34746,4.852604
52.34747,4.855009
52.34748,4.857413
52.3475,4.859817
52.3475,4.862222
52.34752,4.864626
52.34753,4.867031
52.34754,4.869435
52.34755,4.871839
52.34756,4.874244
52.34757,4.876648
52.34758,4.879053
52.34759,4.881457
52.3476,4.883862
52.34761,4.886266
52.34762,4.88867
52.34763,4.891075
52.34764,4.893479
52.34765,4.895884
52.34766,4.898288
52.34767,4.900692
52.34768,4.903097
52.34769,4.905501
52.3477,4.907906
52.34771,4.91031
52.34772,4.912714
52.34773,4.915119
52.34774,4.917523
52.34775,4.919928
52.34776,4.922332
52.34777,4.924737
52.34777,4.927141
52.34779,4.929546
52.34779,4.93195
52.3478,4.934355
52.34781,4.936759
52.34782,4.939164
52.34783,4.941568
52.34784,4.943973
52.34785,4.946377
52.34786,4.948781
52.34787,4.951186
52.34787,4.95359
52.34789,4.955995
52.34789,4.958399
52.3479,4.960804
52.34791,4.963208
52.34792,4.965612
52.34793,4.968017
52.34793,4.970421
52.34794,4.972826
52.34795,4.97523
52.3488,4.823732
52.34881,4.826137
52.34882,4.828541
52.34883,4.830946
52.34885,4.83335
52.34886,4.835755
52.34887,4.83816
52.34888,4.840564
52.34889,4.842968
52.3489,4.845373
52.34891,4.847777
52.34892,4.850182
52.34893,4.852586
52.34895,4.854991
52.34896,4.857395
52.34897,4.8598
52.34898,4.862204
52.34899,4.864609
52.349,4.867013
52.34901,4.869418
52.34902,4.871822
52.34903,4.874227
52.34904,4.876631
52.34905,4.879035
52.34906,4.88144
52.34907,4.883845
52.34908,4.886249
52.34909,4.888654
52.3491,4.891058
52.34911,4.893463
52.34912,4.895867
52.34913,4.898272
52.34914,4.900676
52.34915,4.903081
52.34916,4.905485
52.34917,4.90789
52.34918,4.910295
52.34919,4.912699
52.3492,4.915103
52.34921,4.917508
52.34922,4.919912
52.34923,4.922317
52.34924,4.924721
52.34925,4.927126
52.34926,4.929531
52.34927,4.931935
52.34927,4.93434
52.34929,4.936744
52.34929,4.939148
52.3493,4.941553
52.34931,4.943958
52.34932,4.946362
52.34933,4.948767
52.34934,4.951171
52.34935,4.953576
52.34936,4.95598
52.34937,4.958385
52.34937,4.96079
52.34938,4.963194
52.34939,4.965599
52.3494,4.968003
52.34941,4.970407
52.34941,4.972812
52.34943,4.975217
52.35027,4.823714
52.35028,4.826118
52.3503,4.828523
52.35031,4.830927
52.35032,4.833332
52.35033,4.835737
52.35034,4.838141
52.35035,4.840546
52.35036,4.84295
52.35037,4.845355
52.35038,4.847759
52.3504,4.850164
52.35041,4.852569
52.35042,4.854973
52.35043,4.857378
52.35044,4.859782
52.35045,4.862187
52.35046,4.864591
52.35047,4.866996
52.35048,4.869401
52.35049,4.871805
52.3505,4.87421
52.35051,4.876614
52.35052,4.879019
52.35053,4.881423
52.35054,4.883828
52.35056,4.886232
52.35056,4.888637
52.35057,4.891042
52.35059,4.893446
52.35059,4.895851
52.35061,4.898255
52.35061,4.90066
52.35062,4.903065
52.35064,4.905469
52.35064,4.907874
52.35065,4.910278
52.35066,4.912683
52.35067,4.915088
52.35068,4.917492
52.35069,4.919897
52.3507,4.922301
52.35071,4.924706
52.35072,4.927111
52.35073,4.929515
52.35074,4.93192
52.35075,4.934325
52.35076,4.936729
52.35077,4.939134
52.35078,4.941538
52.35078,4.943943
52.35079,4.946348
52.3508,4.948752
52.35081,4.951157
52.35082,4.953561
52.35083,4.955966
52.35084,4.958371
52.35085,4.960775
52.35085,4.96318
52.35086,4.965585
52.35087,4.967989
52.35088,4.970394
52.35089,4.972798
52.3509,4.975203
52.35175,4.823695
52.35176,4.8261
52.35177,4.828505
52.35178,4.830909
52.35179,4.833313
52.3518,4.835718
52.35181,4.838123
52.35183,4.840528
52.35184,4.842932
52.35184,4.845337
52.35186,4.847742
52.35187,4.850146
52.35188,4.852551
52.35189,4.854955
52.3519,4.85736
52.35191,4.859765
52.35192,4.862169
52.35193,4.864574
52.35194,4.866979
52.35196,4.869383
52.35196,4.871788
52.35197,4.874193
52.35199,4.876597
52.352,4.879002
52.35201,4.881407
52.35202,4.883811
52.35203,4.886216
52.35204,4.888621
52.35205,4.891025
52.35206,4.89343
52.35207,4.895834
52.35208,4.898239
52.35209,4.900644
52.3521,4.903049
52.35211,4.905453
52.35212,4.907858
52.35213,4.910263
52.35213,4.912667
52.35215,4.915072
52.35215,4.917477
52.35217,4.919881
52.35217,4.922286
52.35218,4.924691
52.35219,4.927095
52.3522,4.9295
52.35221,4.931905
52.35222,4.934309
52.35223,4.936714
52.35224,4.939119
52.35225,4.941524
52.35226,4.943928
52.35226,4.946333
52.35228,4.948738
52.35228,4.951142
52.35229,4.953547
52.3523,4.955952
52.35231,4.958356
52.35232,4.960761
52.35233,4.963166
52.35234,4.96557
52.35234,4.967975
52.35235,4.97038
52.35236,4.972785
52.35237,4.975189
52.35322,4.823677
52.35323,4.826081
52.35324,4.828486
52.35325,4.830891
52.35326,4.833295
52.35328,4.8357
52.35329,4.838105
52.3533,4.840509
52.35331,4.842914
52.35332,4.845319
52.35333,4.847723
52.35334,4.850128
52.35335,4.852533
52.35336,4.854938
52.35337,4.857343
52.35339,4.859747
52.35339,4.862152
52.3534,4.864557
52.35342,4.866961
52.35343,4.869366
52.35344,4.871771
52.35345,4.874176
52.35346,4.87658
52.35347,4.878985
52.35348,4.88139
52.35349,4.883795
52.3535,4.886199
52.35351,4.888604
52.35352,4.891009
52.35353,4.893414
52.35354,4.895818
52.35355,4.898223
52.35356,4.900628
52.35357,4.903033
52.35358,4.905437
52.35359,4.907842
52.3536,4.910247
52.35361,4.912652
52.35362,4.915056
52.35363,4.917461
52.35364,4.919866
52.35365,4.922271
52.35366,4.924675
52.35366,4.92708
52.35368,4.929485
52.35368,4.93189
52.35369,4.934295
52.3537,4.936699
52.35371,4.939104
52.35372,4.941509
52.35373,4.943913
52.35374,4.946318
52.35375,4.948723
52.35376,4.951128
52.35376,4.953533
52.35378,4.955937
52.35378,4.958342
52.35379,4.960747
52.3538,4.963152
52.35381,4.965557
52.35382,4.967961
52.35382,4.970366
52.35383,4.972771
52.35384,4.975176
52.35469,4.823658
52.3547,4.826063
52.35471,4.828467
52.35472,4.830872
52.35474,4.833277
52.35475,4.835681
52.35476,4.838087
52.35477,4.840491
52.35478,4.842896
52.35479,4.845301
52.3548,4.847706
52.35481,4.850111
52.35482,4.852515
52.35484,4.85492
52.35485,4.857325
52.35486,4.85973
52.35487,4.862134
52.35488,4.864539
52.35489,4.866944
52.3549,4.869349
52.35491,4.871754
52.35492,4.874158
52.35493,4.876564
52.35494,4.878968
52.35495,4.881373
52.35496,4.883778
52.35497,4.886183
52.35498,4.888587
52.35499,4.890992
52.355,4.893397
52.35501,4.895802
52.35502,4.898207
52.35503,4.900612
52.35504,4.903017
52.35505,4.905421
52.35506,4.907826
52.35507,4.910231
52.35508,4.912636
52.35509,4.91504
52.3551,4.917446
52.35511,4.91985
52.35512,4.922255
52.35513,4.92466
52.35514,4.927065
52.35515,4.92947
52.35516,4.931875
52.35516,4.934279
52.35518,4.936684
52.35518,4.939089
52.35519,4.941494
52.3552,4.943899
52.35521,4.946304
52.35522,4.948709
52.35523,4.951113
52.35524,4.953518
52.35525,4.955923
52.35526,4.958328
52.35526,4.960733
52.35527,4.963138
52.35528,4.965543
52.35529,4.967947
52.3553,4.970352
52.3553,4.972757
52.35532,4.975162
52.35616,4.823639
52.35617,4.826044
52.35619,4.828449
52.3562,4.830853
52.35621,4.833259
52.35622,4.835663
52.35623,4.838068
52.35624,4.840473
52.35625,4.842878
52.35626,4.845283
52.35627,4.847688
52.35629,4.850093
52.3563,4.852498
52.35631,4.854902
52.35632,4.857307
52.35633,4.859712
52.35634,4.862117
52.35635,4.864522
52.35636,4.866927
52.35637,4.869332
52.35638,4.871737
52.35639,4.874142
52.3564,4.876546
52.35641,4.878952
52.35642,4.881356
52.35643,4.883761
52.35645,4.886166
52.35645,4.888571
52.35646,4.890976
52.35648,4.893381
52.35648,4.895786
52.35649,4.89819
52.3565,4.900596
52.35651,4.903
52.35653,4.905406
52.35653,4.90781
52.35654,4.910215
52.35655,4.91262
52.35656,4.915025
52.35657,4.91743
52.35658,4.919835
52.35659,4.92224
52.3566,4.924645
52.35661,4.92705
52.35662,4.929454
52.35663,4.931859
52.35664,4.934264
52.35665,4.936669
52.35666,4.939075
52.35667,4.941479
52.35667,4.943884
52.35668,4.946289
52.35669,4.948694
52.3567,4.951099
52.35671,4.953504
52.35672,4.955909
52.35673,4.958314
52.35674,4.960719
52.35674,4.963124
52.35675,4.965528
52.35676,4.967934
52.35677,4.970338
52.35678,4.972744
52.35679,4.975148
52.35764,4.82362
52.35765,4.826025
52.35766,4.82843
52.35767,4.830835
52.35768,4.83324
52.35769,4.835645
52.3577,4.83805
52.35772,4.840455
52.35773,4.84286
52.35773,4.845265
52.35775,4.84767
52.35776,4.850075
52.35777,4.85248
52.35778,4.854885
52.35779,4.85729
52.3578,4.859694
52.35781,4.8621
52.35782,4.864505
52.35783,4.86691
52.35785,4.869315
52.35785,4.871719
52.35786,4.874125
52.35788,4.87653
52.35789,4.878934
52.35789,4.88134
52.35791,4.883744
52.35792,4.886149
52.35793,4.888555
52.35794,4.890959
52.35795,4.893364
52.35796,4.89577
52.35797,4.898174
52.35798,4.900579
52.35799,4.902984
52.358,4.905389
52.35801,4.907794
52.35802,4.910199
52.35802,4.912604
52.35804,4.915009
52.35804,4.917414
52.35806,4.919819
52.35806,4.922225
52.35807,4.924629
52.35808,4.927034
52.35809,4.92944
52.3581,4.931844
52.35811,4.934249
52.35812,4.936655
52.35813,4.939059
52.35814,4.941464
52.35815,4.94387
52.35815,4.946274
52.35817,4.948679
52.35817,4.951085
52.35818,4.953489
52.35819,4.955894
52.3582,4.9583
52.35821,4.960704
52.35822,4.963109
52.35823,4.965515
52.35823,4.96792
52.35824,4.970325
52.35825,4.97273
52.35826,4.975135
52.35911,4.823602
52.35912,4.826006
52.35913,4.828412
52.35914,4.830817
52.35915,4.833222
52.35917,4.835627
52.35918,4.838032
52.35919,4.840437
52.3592,4.842842
52.35921,4.845247
52.35922,4.847652
52.35923,4.850057
52.35924,4.852462
52.35925,4.854867
52.35926,4.857272
52.35928,4.859677
52.35928,4.862082
52.35929,4.864487
52.35931,4.866892
52.35932,4.869298
52.35933,4.871703
52.35934,4.874107
52.35935,4.876513
52.35936,4.878918
52.35937,4.881323
52.35938,4.883728
52.35939,4.886133
52.3594,4.888538
52.35941,4.890943
52.35942,4.893348
52.35943,4.895753
52.35944,4.898158
52.35945,4.900563
52.35946,4.902968
52.35947,4.905374
52.35948,4.907778
52.35949,4.910183
52.3595,4.912589
52.35951,4.914994
52.35952,4.917399
52.35953,4.919804
52.35954,4.922209
52.35955,4.924614
52.35955,4.927019
52.35957,4.929424
52.35957,4.931829
52.35958,4.934234
52.35959,4.936639
52.3596,4.939044
52.35961,4.94145
52.35962,4.943855
52.35963,4.94626
52.35964,4.948665
52.35965,4.95107
52.35965,4.953475
52.35966,4.95588
52.35967,4.958285
52.35968,4.96069
52.35969,4.963096
52.3597,4.965501
52.35971,4.967906
52.35971,4.970311
52.35972,4.972716
52.35973,4.975121
52.36058,4.823583
52.36059,4.825988
52.3606,4.828393
52.36061,4.830798
52.36063,4.833203
52.36064,4.835608
52.36065,4.838014
52.36066,4.840419
52.36067,4.842824
52.36068,4.845229
52.36069,4.847634
52.3607,4.850039
52.36071,4.852444
52.36073,4.854849
52.36074,4.857255
52.36075,4.85966
52.36076,4.862065
52.36077,4.86447
52.36078,4.866875
52.36079,4.86928
52.3608,4.871686
52.36081,4.874091
52.36082,4.876496
52.36083,4.878901
52.36084,4.881306
52.36085,4.883711
52.36086,4.886116
52.36087,4.888521
52.36088,4.890926
52.36089,4.893332
52.3609,4.895737
52.36091,4.898142
52.36092,4.900547
52.36093,4.902952
52.36094,4.905357
52.36095,4.907763
52.36096,4.910168
52.36097,4.912573
52.36098,4.914978
52.36099,4.917383
52.361,4.919788
52.36101,4.922194
52.36102,4.924599
52.36103,4.927004
52.36104,4.929409
52.36105,4.931814
52.36105,4.934219
52.36106,4.936625
52.36107,4.93903
52.36108,4.941435
52.36109,4.94384
52.3611,4.946245
52.36111,4.94865
52.36112,4.951056
52.36113,4.953461
52.36114,4.955866
52.36115,4.958271
52.36115,4.960676
52.36116,4.963081
52.36117,4.965487
52.36118,4.967892
52.36119,4.970297
52.36119,4.972702
52.36121,4.975107
52.36205,4.823564
52.36206,4.825969
52.36208,4.828374
52.36209,4.83078
52.3621,4.833185
52.36211,4.83559
52.36212,4.837996
52.36213,4.840401
52.36214,4.842806
52.36215,4.845211
52.36216,4.847616
52.36217,4.850021
52.36219,4.852427
52.3622,4.854832
52.36221,4.857237
52.36222,4.859642
52.36223,4.862047
52.36224,4.864453
52.36225,4.866858
52.36226,4.869263
52.36227,4.871668
52.36228,4.874074
52.36229,4.876479
52.3623,4.878884
52.36231,4.881289
52.36232,4.883694
52.36234,4.886099
52.36234,4.888505
52.36235,4.89091
52.36237,4.893315
52.36237,4.89572
52.36238,4.898126
52.36239,4.900531
52.3624,4.902936
52.36242,4.905342
52.36242,4.907747
52.36243,4.910152
52.36244,4.912557
52.36245,4.914962
52.36246,4.917367
52.36247,4.919773
52.36248,4.922178
52.36249,4.924583
52.3625,4.926989
52.36251,4.929394
52.36252,4.931799
52.36253,4.934204
52.36254,4.93661
52.36255,4.939015
52.36256,4.94142
52.36256,4.943825
52.36257,4.94623
52.36258,4.948636
52.36259,4.951041
52.3626,4.953446
52.36261,4.955852
52.36262,4.958257
52.36263,4.960662
52.36264,4.963068
52.36264,4.965473
52.36265,4.967878
52.36266,4.970283
52.36267,4.972688
52.36268,4.975094
52.36353,4.823545
52.36354,4.825951
52.36355,4.828356
52.36356,4.830761
52.36357,4.833167
52.36358,4.835572
52.36359,4.837977
52.36361,4.840383
52.36362,4.842788
52.36362,4.845193
52.36364,4.847598
52.36365,4.850004
52.36366,4.852409
52.36367,4.854814
52.36368,4.857219
52.36369,4.859625
52.3637,4.86203
52.36371,4.864435
52.36372,4.86684
52.36374,4.869246
52.36374,4.871651
52.36375,4.874056
52.36377,4.876462
52.36378,4.878867
52.36378,4.881272
52.3638,4.883677
52.36381,4.886083
52.36382,4.888488
52.36383,4.890893
52.36384,4.893299
52.36385,4.895704
52.36386,4.898109
52.36386,4.900515
52.36388,4.90292
52.36389,4.905325
52.3639,4.907731
52.36391,4.910136
52.36391,4.912541
52.36393,4.914947
52.36393,4.917352
52.36395,4.919757
52.36395,4.922163
52.36396,4.924568
52.36397,4.926973
52.36398,4.929379
52.36399,4.931784
52.364,4.934189
52.36401,4.936594
52.36402,4.939
52.36403,4.941405
52.36404,4.94381
52.36404,4.946216
52.36406,4.948621
52.36406,4.951026
52.36407,4.953432
52.36408,4.955837
52.36409,4.958242
52.3641,4.960648
52.36411,4.963053
52.36412,4.965458
52.36412,4.967864
52.36413,4.970269
52.36414,4.972675
52.36415,4.97508
52.365,4.823527
52.36501,4.825932
52.36502,4.828338
52.36503,4.830743
52.36504,4.833148
52.36506,4.835554
52.36507,4.837959
52.36508,4.840364
52.36509,4.84277
52.3651,4.845175
52.36511,4.84758
52.36512,4.849986
52.36513,4.852391
52.36514,4.854796
52.36515,4.857202
52.36517,4.859607
52.36517,4.862012
52.36518,4.864418
52.3652,4.866823
52.36521,4.869229
52.36522,4.871634
52.36523,4.874039
52.36524,4.876445
52.36525,4.87885
52.36526,4.881256
52.36527,4.883661
52.36528,4.886066
52.36529,4.888472
52.3653,4.890877
52.36531,4.893282
52.36532,4.895688
52.36533,4.898093
52.36534,4.900499
52.36535,4.902904
52.36536,4.905309
52.36537,4.907715
52.36538,4.91012
52.36539,4.912526
52.3654,4.914931
52.36541,4.917336
52.36542,4.919742
52.36543,4.922147
52.36544,4.924552
52.36544,4.926958
52.36546,4.929363
52.36546,4.931769
52.36547,4.934174
52.36548,4.93658
52.36549,4.938985
52.3655,4.941391
52.36551,4.943796
52.36552,4.946201
52.36553,4.948606
52.36554,4.951012
52.36554,4.953417
52.36555,4.955823
52.36556,4.958229
52.36557,4.960634
52.36558,4.963039
52.36559,4.965445
52.3656,4.96785
52.3656,4.970255
52.36561,4.972661
52.36562,4.975066
52.36647,4.823508
52.36648,4.825913
52.36649,4.828319
52.3665,4.830724
52.36652,4.83313
52.36653,4.835535
52.36654,4.837941
52.36655,4.840346
52.36656,4.842752
52.36657,4.845157
52.36658,4.847562
52.36659,4.849968
52.3666,4.852373
52.36662,4.854779
52.36663,4.857184
52.36664,4.85959
52.36665,4.861995
52.36666,4.8644
52.36667,4.866806
52.36668,4.869212
52.36669,4.871617
52.3667,4.874022
52.36671,4.876428
52.36672,4.878833
52.36673,4.881239
52.36674,4.883644
52.36675,4.88605
52.36676,4.888455
52.36677,4.890861
52.36678,4.893266
52.36679,4.895671
52.3668,4.898077
52.36681,4.900483
52.36682,4.902888
52.36683,4.905293
52.36684,4.907699
52.36685,4.910104
52.36686,4.91251
52.36687,4.914916
52.36688,4.917321
52.36689,4.919726
52.3669,4.922132
52.36691,4.924537
52.36692,4.926943
52.36693,4.929348
52.36694,4.931754
52.36695,4.934159
52.36695,4.936564
52.36696,4.93897
52.36697,4.941376
52.36698,4.943781
52.36699,4.946187
52.367,4.948592
52.36701,4.950998
52.36702,4.953403
52.36703,4.955809
52.36703,4.958214
52.36704,4.960619
52.36705,4.963025
52.36706,4.965431
52.36707,4.967836
52.36708,4.970242
52.36708,4.972647
52.3671,4.975053
52.36794,4.823489
52.36795,4.825895
52.36797,4.8283
52.36798,4.830706
52.36799,4.833111
52.368,4.835517
52.36801,4.837923
52.36802,4.840328
52.36803,4.842733
52.36804,4.845139
52.36805,4.847545
52.36806,4.84995
52.36808,4.852355
52.36809,4.854761
52.3681,4.857167
52.36811,4.859572
52.36812,4.861978
52.36813,4.864383
52.36814,4.866789
52.36815,4.869195
52.36816,4.8716
52.36817,4.874005
52.36818,4.876411
52.36819,4.878817
52.3682,4.881222
52.36821,4.883627
52.36823,4.886033
52.36823,4.888439
52.36824,4.890844
52.36826,4.89325
52.36826,4.895655
52.36827,4.898061
52.36828,4.900466
52.36829,4.902872
52.36831,4.905277
52.36831,4.907683
52.36832,4.910089
52.36833,4.912494
52.36834,4.9149
52.36835,4.917305
52.36836,4.919711
52.36837,4.922116
52.36838,4.924522
52.36839,4.926928
52.3684,4.929333
52.36841,4.931738
52.36842,4.934144
52.36843,4.93655
52.36843,4.938955
52.36845,4.941361
52.36845,4.943767
52.36846,4.946172
52.36847,4.948577
52.36848,4.950983
52.36849,4.953389
52.3685,4.955794
52.36851,4.9582
52.36852,4.960606
52.36853,4.963011
52.36853,4.965416
52.36854,4.967822
52.36855,4.970228
52.36856,4.972633
52.36857,4.975039
52.36942,4.823471
52.36943,4.825876
52.36944,4.828282
52.36945,4.830688
52.36946,4.833093
52.36947,4.835499
52.36948,4.837904
52.3695,4.84031
52.36951,4.842715
52.36951,4.845121
52.36953,4.847527
52.36954,4.849932
52.36955,4.852338
52.36956,4.854743
52.36957,4.857149
52.36958,4.859555
52.36959,4.86196
52.3696,4.864366
52.36961,4.866772
52.36963,4.869177
52.36963,4.871583
52.36964,4.873988
52.36966,4.876394
52.36967,4.878799
52.36967,4.881205
52.36969,4.883611
52.3697,4.886016
52.36971,4.888422
52.36972,4.890828
52.36973,4.893233
52.36974,4.895639
52.36975,4.898045
52.36975,4.90045
52.36977,4.902856
52.36978,4.905262
52.36979,4.907667
52.3698,4.910073
52.3698,4.912478
52.36982,4.914884
52.36982,4.91729
52.36983,4.919695
52.36984,4.922101
52.36985,4.924507
52.36986,4.926912
52.36987,4.929318
52.36988,4.931724
52.36989,4.934129
52.3699,4.936535
52.36991,4.938941
52.36992,4.941346
52.36993,4.943752
52.36993,4.946157
52.36995,4.948563
52.36995,4.950969
52.36996,4.953374
52.36997,4.95578
52.36998,4.958186
52.36999,4.960591
52.37,4.962997
52.37001,4.965403
52.37001,4.967808
52.37002,4.970214
52.37003,4.97262
52.37004,4.975025
52.37089,4.823452
52.3709,4.825858
52.37091,4.828263
52.37092,4.830669
52.37093,4.833075
52.37094,4.83548
52.37096,4.837886
52.37097,4.840292
52.37098,4.842697
52.37099,4.845103
52.371,4.847509
52.37101,4.849915
52.37102,4.85232
52.37103,4.854726
52.37104,4.857131
52.37106,4.859537
52.37106,4.861943
52.37107,4.864348
52.37109,4.866754
52.3711,4.86916
52.37111,4.871565
52.37112,4.873971
52.37113,4.876377
52.37114,4.878783
52.37115,4.881188
52.37116,4.883594
52.37117,4.886
52.37118,4.888405
52.37119,4.890811
52.3712,4.893217
52.37121,4.895623
52.37122,4.898028
52.37123,4.900434
52.37124,4.90284
52.37125,4.905245
52.37126,4.907651
52.37127,4.910057
52.37128,4.912463
52.37129,4.914868
52.3713,4.917274
52.37131,4.91968
52.37132,4.922085
52.37133,4.924491
52.37133,4.926897
52.37135,4.929303
52.37135,4.931708
52.37136,4.934114
52.37137,4.93652
52.37138,4.938926
52.37139,4.941331
52.3714,4.943737
52.37141,4.946143
52.37142,4.948548
52.37143,4.950954
52.37143,4.95336
52.37144,4.955766
52.37145,4.958171
52.37146,4.960577
52.37147,4.962983
52.37148,4.965389
52.37149,4.967794
52.37149,4.9702
52.3715,4.972606
52.37151,4.975012
52.37236,4.823433
52.37237,4.825839
52.37238,4.828245
52.37239,4.83065
52.37241,4.833056
52.37242,4.835462
52.37243,4.837868
52.37244,4.840273
52.37245,4.842679
52.37246,4.845085
52.37247,4.847491
52.37248,4.849896
52.37249,4.852302
52.37251,4.854708
52.37252,4.857114
52.37253,4.859519
52.37254,4.861926
52.37255,4.864331
52.37256,4.866737
52.37257,4.869143
52.37258,4.871549
52.37259,4.873954
52.3726,4.87636
52.37261,4.878766
52.37262,4.881172
52.37263,4.883577
52.37264,4.885983
52.37265,4.888389
52.37266,4.890795
52.37267,4.8932
52.37268,4.895606
52.37269,4.898012
52.3727,4.900418
52.37271,4.902823
52.37272,4.90523
52.37273,4.907635
52.37274,4.910041
52.37275,4.912447
52.37276,4.914853
52.37277,4.917258
52.37278,4.919664
52.37279,4.92207
52.3728,4.924476
52.37281,4.926882
52.37282,4.929287
52.37283,4.931693
52.37284,4.934099
52.37284,4.936505
52.37285,4.93891
52.37286,4.941317
52.37287,4.943722
52.37288,4.946128
52.37289,4.948534
52.3729,4.95094
52.37291,4.953345
52.37292,4.955751
52.37292,4.958157
52.37293,4.960563
52.37294,4.962969
52.37295,4.965374
52.37296,4.967781
52.37297,4.970186
52.37297,4.972592
52.37299,4.974998
52.37383,4.823414
52.37384,4.82582
52.37386,4.828226
52.37387,4.830632
52.37388,4.833038
52.37389,4.835443
52.3739,4.83785
52.37391,4.840255
52.37392,4.842661
52.37393,4.845067
52.37394,4.847473
52.37395,4.849879
52.37397,4.852284
52.37398,4.854691
52.37399,4.857096
52.374,4.859502
52.37401,4.861908
52.37402,4.864314
52.37403,4.86672
52.37404,4.869125
52.37405,4.871531
52.37406,4.873937
52.37407,4.876343
52.37408,4.878749
52.37409,4.881155
52.3741,4.883561
52.37411,4.885966
52.37412,4.888372
52.37413,4.890778
52.37415,4.893184
52.37415,4.89559
52.37416,4.897996
52.37417,4.900402
52.37418,4.902808
52.3742,4.905213
52.3742,4.907619
52.37421,4.910025
52.37422,4.912431
52.37423,4.914837
52.37424,4.917243
52.37425,4.919649
52.37426,4.922055
52.37427,4.92446
52.37428,4.926867
52.37429,4.929272
52.3743,4.931678
52.37431,4.934084
52.37432,4.93649
52.37432,4.938896
52.37434,4.941302
52.37434,4.943707
52.37435,4.946114
52.37436,4.948519
52.37437,4.950925
52.37438,4.953331
52.37439,4.955737
52.3744,4.958143
52.3744,4.960549
52.37442,4.962955
52.37442,4.965361
52.37443,4.967766
52.37444,4.970172
52.37445,4.972579
52.37446,4.974984
52.37531,4.823396
52.37532,4.825802
52.37533,4.828207
52.37534,4.830614
52.37535,4.833019
52.37536,4.835425
52.37537,4.837831
52.37539,4.840237
52.3754,4.842643
52.3754,4.845049
52.37542,4.847455
52.37543,4.849861
52.37544,4.852267
52.37545,4.854673
52.37546,4.857079
52.37547,4.859485
52.37548,4.86189
52.37549,4.864296
52.3755,4.866703
52.37551,4.869108
52.37552,4.871514
52.37553,4.87392
52.37555,4.876326
52.37556,4.878732
52.37556,4.881138
52.37558,4.883544
52.37559,4.88595
52.3756,4.888356
52.37561,4.890762
52.37562,4.893167
52.37563,4.895574
52.37564,4.89798
52.37564,4.900385
52.37566,4.902792
52.37567,4.905198
52.37568,4.907603
52.37569,4.910009
52.37569,4.912416
52.37571,4.914821
52.37571,4.917227
52.37572,4.919633
52.37573,4.922039
52.37574,4.924445
52.37575,4.926851
52.37576,4.929257
52.37577,4.931663
52.37578,4.934069
52.37579,4.936475
52.3758,4.938881
52.37581,4.941287
52.37582,4.943693
52.37582,4.946099
52.37584,4.948505
52.37584,4.950911
52.37585,4.953317
52.37586,4.955723
52.37587,4.958128
52.37588,4.960535
52.37589,4.962941
52.3759,4.965347
52.3759,4.967752
52.37591,4.970159
52.37592,4.972565
52.37593,4.97497
52.37678,4.823377
52.37679,4.825783
52.3768,4.828189
52.37681,4.830595
52.37682,4.833001
52.37683,4.835407
52.37685,4.837813
52.37686,4.840219
52.37687,4.842625
52.37688,4.845031
52.37689,4.847437
52.3769,4.849843
52.37691,4.852249
52.37692,4.854655
52.37693,4.857061
52.37695,4.859467
52.37695,4.861873
52.37696,4.864279
52.37698,4.866685
52.37699,4.869091
52.377,4.871497
52.37701,4.873903
52.37702,4.876309
52.37703,4.878715
52.37704,4.881121
52.37705,4.883527
52.37706,4.885933
52.37707,4.888339
52.37708,4.890745
52.37709,4.893151
52.3771,4.895557
52.37711,4.897964
52.37712,4.900369
52.37713,4.902775
52.37714,4.905181
52.37715,4.907588
52.37716,4.909994
52.37717,4.9124
52.37718,4.914805
52.37719,4.917212
52.3772,4.919618
52.3772,4.922024
52.37722,4.92443
52.37722,4.926836
52.37724,4.929242
52.37724,4.931648
52.37725,4.934054
52.37726,4.93646
52.37727,4.938866
52.37728,4.941272
52.37729,4.943678
52.3773,4.946084
52.37731,4.94849
52.37732,4.950896
52.37732,4.953302
52.37733,4.955709
52.37734,4.958115
52.37735,4.96052
52.37736,4.962926
52.37737,4.965333
52.37738,4.967739
52.37738,4.970145
52.37739,4.972551
52.3774,4.974957
52.37825,4.823359
52.37826,4.825764
52.37827,4.82817
52.37828,4.830576
52.3783,4.832983
52.37831,4.835389
52.37832,4.837795
52.37833,4.840201
52.37834,4.842607
52.37835,4.845013
52.37836,4.847419
52.37837,4.849825
52.37838,4.852231
52.3784,4.854637
52.37841,4.857043
52.37842,4.859449
52.37843,4.861856
52.37844,4.864262
52.37845,4.866668
52.37846,4.869074
52.37847,4.87148
52.37848,4.873886
52.37849,4.876292
52.3785,4.878698
52.37851,4.881104
52.37852,4.883511
52.37853,4.885917
52.37854,4.888323
52.37855,4.890729
52.37856,4.893135
52.37857,4.895541
52.37858,4.897947
52.37859,4.900353
52.3786,4.90276
52.37861,4.905165
52.37862,4.907571
52.37863,4.909977
52.37864,4.912384
52.37865,4.91479
52.37866,4.917196
52.37867,4.919602
52.37868,4.922008
52.37869,4.924414
52.3787,4.92682
52.37871,4.929226
52.37872,4.931633
52.37873,4.934039
52.37873,4.936445
52.37874,4.938851
52.37875,4.941257
52.37876,4.943664
52.37877,4.94607
52.37878,4.948476
52.37879,4.950882
52.3788,4.953288
52.37881,4.955694
52.37881,4.9581
52.37882,4.960506
52.37883,4.962913
52.37884,4.965319
52.37885,4.967725
52.37886,4.970131
52.37887,4.972537
52.37888,4.974943
52.37972,4.823339
52.37973,4.825746
52.37975,4.828152
52.37976,4.830558
52.37977,4.832964
52.37978,4.835371
52.37979,4.837777
52.3798,4.840183
52.37981,4.842589
52.37982,4.844995
52.37983,4.847401
52.37984,4.849807
52.37986,4.852213
52.37987,4.85462
52.37988,4.857026
52.37989,4.859432
52.3799,4.861838
52.37991,4.864244
52.37992,4.866651
52.37993,4.869057
52.37994,4.871463
52.37995,4.873869
52.37996,4.876275
52.37997,4.878681
52.37998,4.881088
52.37999,4.883494
52.38,4.8859
52.38001,4.888306
52.38002,4.890712
52.38004,4.893118
52.38004,4.895525
52.38005,4.897931
52.38006,4.900337
52.38007,4.902743
52.38008,4.905149
52.38009,4.907556
52.3801,4.909962
52.38011,4.912368
52.38012,4.914774
52.38013,4.917181
52.38014,4.919587
52.38015,4.921993
52.38016,4.924399
52.38017,4.926805
52.38018,4.929212
52.38019,4.931618
52.3802,4.934024
52.38021,4.93643
52.38021,4.938836
52.38023,4.941242
52.38023,4.943649
52.38024,4.946055
52.38025,4.948461
52.38026,4.950867
52.38027,4.953273
52.38028,4.95568
52.38029,4.958086
52.38029,4.960492
52.38031,4.962898
52.38031,4.965304
52.38032,4.967711
52.38033,4.970117
52.38034,4.972523
52.38035,4.974929
52.3812,4.823321
52.38121,4.825727
52.38122,4.828134
52.38123,4.83054
52.38124,4.832946
52.38125,4.835352
52.38126,4.837758
52.38128,4.840165
52.38129,4.842571
52.38129,4.844977
52.38131,4.847383
52.38132,4.84979
52.38133,4.852196
52.38134,4.854602
52.38135,4.857008
52.38136,4.859415
52.38137,4.861821
52.38138,4.864227
52.38139,4.866633
52.3814,4.86904
52.38141,4.871446
52.38142,4.873852
52.38144,4.876258
52.38145,4.878664
52.38145,4.881071
52.38147,4.883477
52.38148,4.885883
52.38148,4.888289
52.3815,4.890696
52.38151,4.893102
52.38152,4.895508
52.38153,4.897914
52.38153,4.900321
52.38155,4.902727
52.38156,4.905133
52.38157,4.90754
52.38158,4.909946
52.38158,4.912352
52.3816,4.914759
52.3816,4.917165
52.38161,4.919571
52.38162,4.921978
52.38163,4.924384
52.38164,4.92679
52.38165,4.929196
52.38166,4.931602
52.38167,4.934009
52.38168,4.936415
52.38169,4.938821
52.3817,4.941227
52.38171,4.943634
52.38171,4.94604
52.38173,4.948446
52.38173,4.950853
52.38174,4.953259
52.38175,4.955666
52.38176,4.958072
52.38177,4.960478
52.38178,4.962884
52.38179,4.965291
52.38179,4.967697
52.3818,4.970103
52.38181,4.972509
52.38182,4.974916
52.38267,4.823302
52.38268,4.825708
52.38269,4.828115
52.3827,4.830521
52.38271,4.832927
52.38272,4.835334
52.38274,4.83774
52.38275,4.840147
52.38276,4.842553
52.38277,4.844959
52.38278,4.847365
52.38279,4.849771
52.3828,4.852178
52.38281,4.854584
52.38282,4.856991
52.38284,4.859397
52.38284,4.861803
52.38285,4.86421
52.38287,4.866616
52.38288,4.869022
52.38288,4.871428
52.3829,4.873835
52.38291,4.876241
52.38292,4.878648
52.38293,4.881054
52.38294,4.883461
52.38295,4.885867
52.38296,4.888273
52.38297,4.890679
52.38298,4.893085
52.38299,4.895492
52.383,4.897898
52.38301,4.900305
52.38302,4.902711
52.38303,4.905118
52.38304,4.907524
52.38305,4.90993
52.38306,4.912336
52.38307,4.914743
52.38308,4.917149
52.38309,4.919556
52.38309,4.921962
52.38311,4.924368
52.38311,4.926775
52.38313,4.929181
52.38313,4.931587
52.38314,4.933994
52.38315,4.9364
52.38316,4.938807
52.38317,4.941213
52.38318,4.943619
52.38319,4.946025
52.3832,4.948432
52.38321,4.950838
52.38321,4.953245
52.38322,4.955651
52.38323,4.958057
52.38324,4.960464
52.38325,4.96287
52.38326,4.965277
52.38327,4.967683
52.38327,4.970089
52.38329,4.972496
52.38329,4.974902
52.38414,4.823284
52.38415,4.82569
52.38416,4.828096
52.38417,4.830503
52.38419,4.832909
52.3842,4.835315
52.38421,4.837722
52.38422,4.840128
52.38423,4.842535
52.38424,4.844941
52.38425,4.847347
52.38426,4.849754
52.38427,4.85216
52.38428,4.854567
52.3843,4.856973
52.38431,4.859379
52.38432,4.861786
52.38433,4.864192
52.38434,4.866599
52.38435,4.869005
52.38436,4.871411
52.38437,4.873818
52.38438,4.876225
52.38439,4.878631
52.3844,4.881037
52.38441,4.883443
52.38442,4.88585
52.38443,4.888257
52.38444,4.890663
52.38445,4.893069
52.38446,4.895476
52.38447,4.897882
52.38448,4.900289
52.38449,4.902695
52.3845,4.905101
52.38451,4.907508
52.38452,4.909914
52.38453,4.912321
52.38454,4.914727
52.38455,4.917134
52.38456,4.91954
52.38457,4.921947
52.38458,4.924353
52.38459,4.926759
52.3846,4.929166
52.38461,4.931572
52.38462,4.933979
52.38462,4.936385
52.38463,4.938792
52.38464,4.941198
52.38465,4.943604
52.38466,4.946011
52.38467,4.948417
52.38468,4.950824
52.38469,4.95323
52.3847,4.955637
52.3847,4.958043
52.38471,4.96045
52.38472,4.962856
52.38473,4.965262
52.38474,4.967669
52.38475,4.970076
52.38476,4.972482
52.38477,4.974888
52.38561,4.823265
52.38562,4.825671
52.38564,4.828078
52.38565,4.830484
52.38566,4.832891
52.38567,4.835297
52.38568,4.837704
52.38569,4.84011
52.3857,4.842516
52.38571,4.844923
52.38572,4.84733
52.38573,4.849736
52.38575,4.852142
52.38576,4.854549
52.38577,4.856956
52.38578,4.859362
52.38579,4.861768
52.3858,4.864175
52.38581,4.866581
52.38582,4.868988
52.38583,4.871394
52.38584,4.873801
52.38585,4.876207
52.38586,4.878614
52.38587,4.881021
52.38588,4.883427
52.38589,4.885833
52.3859,4.88824
52.38591,4.890646
52.38593,4.893053
52.38593,4.895459
52.38594,4.897866
52.38595,4.900272
52.38596,4.902679
52.38597,4.905086
52.38598,4.907492
52.38599,4.909898
52.386,4.912305
52.38601,4.914711
52.38602,4.917118
52.38603,4.919525
52.38604,4.921931
52.38605,4.924337
52.38606,4.926744
52.38607,4.929151
52.38608,4.931557
52.38609,4.933964
52.3861,4.93637
52.3861,4.938776
52.38612,4.941183
52.38612,4.94359
52.38613,4.945996
52.38614,4.948403
52.38615,4.950809
52.38616,4.953216
52.38617,4.955622
52.38618,4.958029
52.38618,4.960435
52.3862,4.962842
52.3862,4.965249
52.38621,4.967655
52.38622,4.970062
52.38623,4.972468
52.38624,4.974874
52.38708,4.823246
52.3871,4.825653
52.38711,4.828059
52.38712,4.830466
52.38713,4.832872
52.38714,4.835279
52.38715,4.837685
52.38717,4.840092
52.38718,4.842498
52.38718,4.844905
52.3872,4.847311
52.38721,4.849718
52.38722,4.852125
52.38723,4.854531
52.38724,4.856938
52.38725,4.859344
52.38726,4.861751
52.38727,4.864158
52.38728,4.866564
52.38729,4.868971
52.3873,4.871377
52.38731,4.873784
52.38733,4.87619
52.38734,4.878597
52.38734,4.881003
52.38736,4.88341
52.38737,4.885817
52.38737,4.888223
52.38739,4.89063
52.3874,4.893036
52.38741,4.895443
52.38742,4.89785
52.38742,4.900256
52.38744,4.902663
52.38745,4.905069
52.38745,4.907476
52.38747,4.909883
52.38747,4.912289
52.38749,4.914696
52.38749,4.917102
52.3875,4.919509
52.38751,4.921916
52.38752,4.924322
52.38753,4.926729
52.38754,4.929135
52.38755,4.931542
52.38756,4.933949
52.38757,4.936355
52.38758,4.938762
52.38759,4.941168
52.3876,4.943575
52.3876,4.945982
52.38762,4.948388
52.38762,4.950795
52.38763,4.953201
52.38764,4.955608
52.38765,4.958014
52.38766,4.960421
52.38767,4.962828
52.38768,4.965235
52.38768,4.967641
52.38769,4.970048
52.3877,4.972455
52.38771,4.974861
52.38856,4.823227
52.38857,4.825634
52.38858,4.828041
52.38859,4.830447
52.3886,4.832854
52.38861,4.83526
52.38863,4.837667
52.38864,4.840074
52.38865,4.84248
52.38866,4.844887
52.38867,4.847293
52.38868,4.8497
52.38869,4.852107
52.3887,4.854514
52.38871,4.85692
52.38873,4.859327
52.38873,4.861733
52.38874,4.86414
52.38876,4.866547
52.38877,4.868953
52.38877,4.87136
52.38879,4.873767
52.3888,4.876173
52.38881,4.87858
52.38882,4.880987
52.38883,4.883393
52.38884,4.8858
52.38885,4.888206
52.38886,4.890614
52.38887,4.89302
52.38888,4.895427
52.38889,4.897833
52.3889,4.90024
52.38891,4.902647
52.38892,4.905053
52.38893,4.90746
52.38894,4.909867
52.38895,4.912273
52.38896,4.91468
52.38897,4.917087
52.38898,4.919493
52.38898,4.9219
52.389,4.924307
52.389,4.926713
52.38902,4.92912
52.38902,4.931527
52.38903,4.933934
52.38904,4.93634
52.38905,4.938747
52.38906,4.941154
52.38907,4.94356
52.38908,4.945967
52.38909,4.948374
52.3891,4.95078
52.3891,4.953187
52.38911,4.955594
52.38912,4.958001
52.38913,4.960407
52.38914,4.962814
52.38915,4.96522
52.38916,4.967627
52.38916,4.970034
52.38918,4.972441
52.38918,4.974847
52.39003,4.823208
52.39004,4.825615
52.39005,4.828022
52.39006,4.830429
52.39008,4.832835
52.39009,4.835242
52.3901,4.837649
52.39011,4.840055
52.39012,4.842462
52.39013,4.844869
52.39014,4.847276
52.39015,4.849682
52.39016,4.852089
52.39017,4.854496
52.39019,4.856903
52.3902,4.859309
52.39021,4.861716
52.39022,4.864123
52.39023,4.866529
52.39024,4.868936
52.39025,4.871343
52.39026,4.87375
52.39027,4.876156
52.39028,4.878563
52.39029,4.88097
52.3903,4.883377
52.39031,4.885783
52.39032,4.88819
52.39033,4.890597
52.39034,4.893003
52.39035,4.895411
52.39036,4.897817
52.39037,4.900224
52.39038,4.902631
52.39039,4.905037
52.3904,4.907444
52.39041,4.909851
52.39042,4.912258
52.39043,4.914664
52.39044,4.917071
52.39045,4.919478
52.39046,4.921885
52.39047,4.924292
52.39048,4.926698
52.39049,4.929105
52.3905,4.931512
52.39051,4.933918
52.39051,4.936325
52.39052,4.938732
52.39053,4.941139
52.39054,4.943545
52.39055,4.945952
52.39056,4.948359
52.39057,4.950766
52.39058,4.953173
52.39059,4.955579
52.39059,4.957986
52.3906,4.960393
52.39061,4.9628
52.39062,4.965207
52.39063,4.967613
52.39064,4.97002
52.39065,4.972427
52.39066,4.974833
52.3915,4.82319
52.39151,4.825597
52.39153,4.828003
52.39154,4.83041
52.39155,4.832817
52.39156,4.835224
52.39157,4.837631
52.39158,4.840037
52.39159,4.842444
52.3916,4.844851
52.39161,4.847258
52.39162,4.849665
52.39164,4.852071
52.39165,4.854478
52.39166,4.856885
52.39167,4.859292
52.39168,4.861699
52.39169,4.864105
52.3917,4.866512
52.39171,4.868919
52.39172,4.871326
52.39173,4.873733
52.39174,4.87614
52.39175,4.878546
52.39176,4.880953
52.39177,4.88336
52.39178,4.885767
52.39179,4.888174
52.3918,4.89058
52.39182,4.892987
52.39182,4.895394
52.39183,4.897801
52.39184,4.900208
52.39185,4.902615
52.39186,4.905021
52.39187,4.907428
52.39188,4.909835
52.39189,4.912242
52.3919,4.914649
52.39191,4.917056
52.39192,4.919462
52.39193,4.921869
52.39194,4.924276
52.39195,4.926683
52.39196,4.92909
52.39197,4.931497
52.39198,4.933903
52.39199,4.93631
52.39199,4.938717
52.39201,4.941124
52.39201,4.943531
52.39202,4.945938
52.39203,4.948345
52.39204,4.950751
52.39205,4.953158
52.39206,4.955565
52.39207,4.957972
52.39207,4.960379
52.39209,4.962786
52.39209,4.965192
52.3921,4.967599
52.39211,4.970006
52.39212,4.972413
52.39213,4.97482
52.39297,4.823171
52.39299,4.825578
52.393,4.827985
52.39301,4.830392
52.39302,4.832798
52.39303,4.835206
52.39304,4.837612
52.39305,4.840019
52.39307,4.842426
52.39307,4.844833
52.39309,4.84724
52.3931,4.849647
52.39311,4.852054
52.39312,4.85446
52.39313,4.856867
52.39314,4.859274
52.39315,4.861681
52.39316,4.864088
52.39317,4.866495
52.39318,4.868902
52.39319,4.871309
52.3932,4.873715
52.39322,4.876122
52.39323,4.87853
52.39323,4.880936
52.39325,4.883343
52.39326,4.88575
52.39326,4.888157
52.39328,4.890564
52.39329,4.892971
52.3933,4.895378
52.39331,4.897785
52.39331,4.900191
52.39333,4.902598
52.39334,4.905005
52.39334,4.907412
52.39336,4.909819
52.39336,4.912226
52.39338,4.914633
52.39338,4.91704
52.39339,4.919447
52.3934,4.921854
52.39341,4.924261
52.39342,4.926668
52.39343,4.929074
52.39344,4.931481
52.39345,4.933888
52.39346,4.936296
52.39347,4.938702
52.39348,4.941109
52.39349,4.943516
52.39349,4.945923
52.39351,4.94833
52.39351,4.950737
52.39352,4.953144
52.39353,4.955551
52.39354,4.957958
52.39355,4.960365
52.39356,4.962771
52.39357,4.965178
52.39357,4.967586
52.39358,4.969992
52.39359,4.972399
52.3936,4.974806
52.39445,4.823153
52.39446,4.825559
52.39447,4.827966
52.39448,4.830373
52.39449,4.83278
52.3945,4.835187
52.39452,4.837594
52.39453,4.840001
52.39454,4.842408
52.39455,4.844815
52.39456,4.847222
52.39457,4.849629
52.39458,4.852036
52.39459,4.854443
52.3946,4.85685
52.39462,4.859257
52.39462,4.861664
52.39463,4.86407
52.39465,4.866477
52.39466,4.868885
52.39466,4.871292
52.39468,4.873699
52.39469,4.876105
52.3947,4.878512
52.39471,4.880919
52.39472,4.883327
52.39473,4.885734
52.39474,4.88814
52.39475,4.890547
52.39476,4.892954
52.39477,4.895361
52.39478,4.897768
52.39479,4.900175
52.3948,4.902582
52.39481,4.904989
52.39482,4.907396
52.39483,4.909803
52.39484,4.91221
52.39485,4.914617
52.39486,4.917024
52.39487,4.919431
52.39487,4.921838
52.39489,4.924245
52.39489,4.926652
52.39491,4.92906
52.39491,4.931466
52.39492,4.933873
52.39493,4.93628
52.39494,4.938687
52.39495,4.941094
52.39496,4.943501
52.39497,4.945909
52.39498,4.948315
52.39499,4.950722
52.39499,4.953129
52.395,4.955536
52.39501,4.957943
52.39502,4.960351
52.39503,4.962758
52.39504,4.965165
52.39505,4.967571
52.39505,4.969978
52.39507,4.972385
52.39507,4.974792
52.39592,4.823133
52.39593,4.825541
52.39594,4.827948
52.39595,4.830355
52.39597,4.832762
52.39598,4.835169
52.39599,4.837576
52.396,4.839983
52.39601,4.84239
52.39602,4.844797
52.39603,4.847204
52.39604,4.849611
52.39605,4.852018
52.39606,4.854425
52.39608,4.856832
52.39609,4.859239
52.3961,4.861646
52.39611,4.864053
52.39612,4.86646
52.39613,4.868867
52.39614,4.871274
52.39615,4.873682
52.39616,4.876089
52.39617,4.878496
52.39618,4.880903
52.39619,4.88331
52.3962,4.885717
52.39621,4.888124
52.39622,4.890531
52.39623,4.892938
52.39624,4.895345
52.39625,4.897752
52.39626,4.900159
52.39627,4.902566
52.39628,4.904974
52.39629,4.907381
52.3963,4.909788
52.39631,4.912195
52.39632,4.914602
52.39633,4.917009
52.39634,4.919416
52.39635,4.921823
52.39636,4.92423
52.39637,4.926637
52.39638,4.929044
52.39639,4.931451
52.3964,4.933858
52.3964,4.936265
52.39641,4.938673
52.39642,4.94108
52.39643,4.943487
52.39644,4.945894
52.39645,4.948301
52.39646,4.950708
52.39647,4.953115
52.39648,4.955522
52.39648,4.957929
52.39649,4.960336
52.3965,4.962743
52.39651,4.96515
52.39652,4.967557
52.39653,4.969965
52.39654,4.972372
52.39655,4.974779
52.39739,4.823115
52.3974,4.825522
52.39742,4.827929
52.39743,4.830336
52.39744,4.832743
52.39745,4.83515
52.39746,4.837557
52.39747,4.839965
52.39748,4.842372
52.39749,4.844779
52.3975,4.847186
52.39751,4.849593
52.39753,4.852
52.39754,4.854407
52.39755,4.856814
52.39756,4.859221
52.39757,4.861629
52.39758,4.864036
52.39759,4.866443
52.3976,4.86885
52.39761,4.871257
52.39762,4.873664
52.39763,4.876071
52.39764,4.878479
52.39765,4.880886
52.39766,4.883293
52.39767,4.8857
52.39768,4.888107
52.39769,4.890514
52.39771,4.892921
52.39771,4.895329
52.39772,4.897736
52.39773,4.900143
52.39774,4.90255
52.39775,4.904957
52.39776,4.907364
52.39777,4.909771
52.39778,4.912179
52.39779,4.914586
52.3978,4.916993
52.39781,4.9194
52.39782,4.921807
52.39783,4.924214
52.39784,4.926622
52.39785,4.929029
52.39786,4.931436
52.39787,4.933843
52.39788,4.93625
52.39788,4.938657
52.3979,4.941065
52.3979,4.943472
52.39791,4.945879
52.39792,4.948286
52.39793,4.950693
52.39794,4.953101
52.39795,4.955508
52.39796,4.957915
52.39796,4.960322
52.39798,4.962729
52.39798,4.965137
52.39799,4.967544
52.398,4.969951
52.39801,4.972358
52.39802,4.974765
52.39886,4.823096
52.39888,4.825503
52.39889,4.82791
52.3989,4.830317
52.39891,4.832725
52.39892,4.835132
52.39893,4.837539
52.39894,4.839946
52.39896,4.842354
52.39896,4.844761
52.39898,4.847168
52.39899,4.849575
52.399,4.851983
52.39901,4.85439
52.39902,4.856797
52.39903,4.859204
52.39904,4.861611
52.39905,4.864018
52.39906,4.866426
52.39907,4.868833
52.39908,4.87124
52.39909,4.873647
52.39911,4.876055
52.39912,4.878462
52.39912,4.880869
52.39914,4.883276
52.39915,4.885684
52.39915,4.888091
52.39917,4.890498
52.39918,4.892905
52.39919,4.895312
52.3992,4.897719
52.3992,4.900127
52.39922,4.902534
52.39923,4.904941
52.39923,4.907349
52.39925,4.909756
52.39925,4.912163
52.39927,4.91457
52.39927,4.916977
52.39928,4.919384
52.39929,4.921792
52.3993,4.924199
52.39931,4.926606
52.39932,4.929014
52.39933,4.931421
52.39934,4.933828
52.39935,4.936235
52.39936,4.938643
52.39937,4.94105
52.39938,4.943457
52.39938,4.945864
52.39939,4.948272
52.3994,4.950679
52.39941,4.953086
52.39942,4.955493
52.39943,4.957901
52.39944,4.960308
52.39945,4.962715
52.39946,4.965122
52.39946,4.96753
52.39947,4.969937
52.39948,4.972344
52.39949,4.974751
52.40034,4.823077
52.40035,4.825485
52.40036,4.827892
52.40037,4.830299
52.40038,4.832706
52.40039,4.835114
52.40041,4.837521
52.40042,4.839928
52.40043,4.842336
52.40044,4.844743
52.40045,4.84715
52.40046,4.849557
52.40047,4.851964
52.40048,4.854372
52.40049,4.856779
52.40051,4.859187
52.40051,4.861594
52.40052,4.864001
52.40054,4.866408
52.40055,4.868816
52.40055,4.871223
52.40057,4.87363
52.40058,4.876038
52.40059,4.878445
52.4006,4.880852
52.40061,4.883259
52.40062,4.885667
52.40063,4.888074
52.40064,4.890481
52.40065,4.892889
52.40066,4.895296
52.40067,4.897703
52.40068,4.900111
52.40069,4.902518
52.4007,4.904925
52.40071,4.907332
52.40072,4.90974
52.40073,4.912147
52.40074,4.914555
52.40075,4.916962
52.40076,4.919369
52.40076,4.921776
52.40078,4.924184
52.40078,4.926591
52.40079,4.928998
52.4008,4.931406
52.40081,4.933813
52.40082,4.93622
52.40083,4.938628
52.40084,4.941035
52.40085,4.943442
52.40086,4.94585
52.40087,4.948257
52.40088,4.950665
52.40088,4.953072
52.40089,4.955479
52.4009,4.957886
52.40091,4.960294
52.40092,4.962701
52.40093,4.965108
52.40094,4.967516
52.40094,4.969923
52.40096,4.972331
52.40096,4.974738
52.40181,4.823059
52.40182,4.825466
52.40183,4.827873
52.40184,4.830281
52.40186,4.832688
52.40187,4.835095
52.40188,4.837503
52.40189,4.83991
52.4019,4.842318
52.40191,4.844725
52.40192,4.847132
52.40193,4.84954
52.40194,4.851947
52.40195,4.854354
52.40197,4.856761
52.40198,4.859169
52.40199,4.861577
52.402,4.863984
52.40201,4.866391
52.40202,4.868798
52.40203,4.871206
52.40204,4.873613
52.40205,4.87602
52.40206,4.878428
52.40207,4.880836
52.40208,4.883243
52.40209,4.88565
52.4021,4.888058
52.40211,4.890465
52.40212,4.892872
52.40213,4.895279
52.40214,4.897687
52.40215,4.900095
52.40216,4.902502
52.40217,4.904909
52.40218,4.907317
52.40219,4.909724
52.4022,4.912131
52.40221,4.914539
52.40222,4.916946
52.40223,4.919353
52.40224,4.921761
52.40225,4.924169
52.40226,4.926576
52.40227,4.928983
52.40228,4.931391
52.40229,4.933798
52.40229,4.936205
52.4023,4.938613
52.40231,4.94102
52.40232,4.943428
52.40233,4.945835
52.40234,4.948243
52.40235,4.95065
52.40236,4.953057
52.40237,4.955465
52.40237,4.957872
52.40238,4.960279
52.40239,4.962687
52.4024,4.965095
52.40241,4.967502
52.40242,4.969909
52.40243,4.972317
52.40244,4.974724
52.40328,4.82304
52.40329,4.825447
52.40331,4.827855
52.40332,4.830262
52.40333,4.83267
52.40334,4.835077
52.40335,4.837484
52.40336,4.839892
52.40337,4.842299
52.40338,4.844707
52.40339,4.847114
52.4034,4.849522
52.40342,4.851929
52.40343,4.854337
52.40344,4.856744
52.40345,4.859151
52.40346,4.861559
52.40347,4.863966
52.40348,4.866374
52.40349,4.868781
52.4035,4.871189
52.40351,4.873596
52.40352,4.876004
52.40353,4.878411
52.40354,4.880818
52.40355,4.883226
52.40356,4.885633
52.40357,4.888041
52.40358,4.890449
52.40359,4.892856
52.4036,4.895263
52.40361,4.897671
52.40362,4.900078
52.40363,4.902486
52.40364,4.904893
52.40365,4.9073
52.40366,4.909708
52.40367,4.912116
52.40368,4.914523
52.40369,4.916931
52.4037,4.919338
52.40371,4.921745
52.40372,4.924153
52.40373,4.92656
52.40374,4.928968
52.40375,4.931376
52.40376,4.933783
52.40377,4.936191
52.40377,4.938598
52.40379,4.941005
52.40379,4.943413
52.4038,4.94582
52.40381,4.948228
52.40382,4.950635
52.40383,4.953043
52.40384,4.955451
52.40385,4.957858
52.40385,4.960265
52.40387,4.962673
52.40387,4.96508
52.40388,4.967488
52.40389,4.969895
52.4039,4.972303
52.40391,4.97471
52.40475,4.823021
52.40477,4.825428
52.40478,4.827836
52.40479,4.830244
52.4048,4.832651
52.40481,4.835059
52.40482,4.837466
52.40483,4.839874
52.40484,4.842281
52.40485,4.844689
52.40487,4.847096
52.40488,4.849504
52.40489,4.851912
52.4049,4.854319
52.40491,4.856726
52.40492,4.859134
52.40493,4.861541
52.40494,4.863949
52.40495,4.866356
52.40496,4.868764
52.40497,4.871171
52.40498,4.873579
52.40499,4.875987
52.40501,4.878394
52.40501,4.880802
52.40503,4.883209
52.40504,4.885617
52.40504,4.888024
52.40506,4.890432
52.40507,4.892839
52.40508,4.895247
52.40509,4.897655
52.40509,4.900062
52.40511,4.90247
52.40512,4.904877
52.40512,4.907285
52.40514,4.909692
52.40514,4.9121
52.40516,4.914507
52.40516,4.916915
52.40517,4.919322
52.40518,4.92173
52.40519,4.924138
52.4052,4.926545
52.40521,4.928953
52.40522,4.93136
52.40523,4.933768
52.40524,4.936175
52.40525,4.938583
52.40526,4.94099
52.40527,4.943398
52.40527,4.945806
52.40528,4.948213
52.40529,4.950621
52.4053,4.953028
52.40531,4.955436
52.40532,4.957844
52.40533,4.960251
52.40534,4.962659
52.40535,4.965066
52.40535,4.967474
52.40536,4.969882
52.40537,4.972289
52.40538,4.974697
52.40623,4.823002
52.40624,4.82541
52.40625,4.827817
52.40626,4.830225
52.40627,4.832633
52.40628,4.835041
52.4063,4.837448
52.40631,4.839856
52.40631,4.842263
52.40633,4.844671
52.40634,4.847078
52.40635,4.849486
52.40636,4.851893
52.40637,4.854301
52.40638,4.856709
52.40639,4.859117
52.4064,4.861524
52.40641,4.863932
52.40643,4.866339
52.40644,4.868747
52.40644,4.871154
52.40646,4.873562
52.40647,4.875969
52.40648,4.878377
52.40649,4.880785
52.4065,4.883193
52.40651,4.8856
52.40652,4.888008
52.40653,4.890415
52.40654,4.892823
52.40655,4.895231
52.40656,4.897638
52.40657,4.900046
52.40658,4.902453
52.40659,4.904861
52.4066,4.907269
52.40661,4.909677
52.40662,4.912084
52.40663,4.914492
52.40664,4.916899
52.40665,4.919307
52.40665,4.921715
52.40667,4.924122
52.40667,4.92653
52.40668,4.928937
52.40669,4.931345
52.4067,4.933753
52.40671,4.936161
52.40672,4.938568
52.40673,4.940976
52.40674,4.943383
52.40675,4.945791
52.40676,4.948199
52.40676,4.950606
52.40677,4.953014
52.40678,4.955421
52.40679,4.957829
52.4068,4.960237
52.40681,4.962645
52.40682,4.965052
52.40683,4.96746
52.40683,4.969868
52.40685,4.972275
52.40685,4.974683
52.4077,4.822984
52.40771,4.825391
52.40772,4.827799
52.40773,4.830207
52.40775,4.832614
52.40776,4.835022
52.40777,4.83743
52.40778,4.839838
52.40779,4.842245
52.4078,4.844653
52.40781,4.84706
52.40782,4.849468
52.40783,4.851876
52.40784,4.854283
52.40786,4.856691
52.40786,4.859099
52.40788,4.861506
52.40789,4.863914
52.4079,4.866322
52.40791,4.86873
52.40792,4.871137
52.40793,4.873545
52.40794,4.875953
52.40795,4.87836
52.40796,4.880768
52.40797,4.883176
52.40798,4.885583
52.40799,4.887991
52.408,4.890399
52.40801,4.892807
52.40802,4.895214
52.40803,4.897622
52.40804,4.90003
52.40805,4.902437
52.40806,4.904845
52.40807,4.907253
52.40808,4.90966
52.40809,4.912068
52.4081,4.914476
52.40811,4.916883
52.40812,4.919291
52.40813,4.921699
52.40814,4.924107
52.40815,4.926515
52.40816,4.928922
52.40816,4.93133
52.40818,4.933738
52.40818,4.936145
52.40819,4.938553
52.4082,4.940961
52.40821,4.943368
52.40822,4.945776
52.40823,4.948184
52.40824,4.950592
52.40825,4.953
52.40826,4.955407
52.40826,4.957815
52.40827,4.960223
52.40828,4.962631
52.40829,4.965038
52.4083,4.967446
52.40831,4.969854
52.40832,4.972261
52.40833,4.974669
52.40917,4.822965
52.40918,4.825373
52.40919,4.82778
52.40921,4.830188
52.40922,4.832596
52.40923,4.835004
52.40924,4.837411
52.40925,4.839819
52.40926,4.842227
52.40927,4.844635
52.40928,4.847043
52.40929,4.84945
52.40931,4.851858
52.40932,4.854266
52.40933,4.856673
52.40934,4.859081
52.40935,4.861489
52.40936,4.863897
52.40937,4.866304
52.40938,4.868712
52.40939,4.87112
52.4094,4.873528
52.40941,4.875936
52.40942,4.878344
52.40943,4.880751
52.40944,4.883159
52.40945,4.885567
52.40946,4.887975
52.40947,4.890382
52.40948,4.89279
52.40949,4.895198
52.4095,4.897606
52.40951,4.900013
52.40952,4.902421
52.40953,4.904829
52.40954,4.907237
52.40955,4.909645
52.40956,4.912053
52.40957,4.91446
52.40958,4.916868
52.40959,4.919276
52.4096,4.921684
52.40961,4.924091
52.40962,4.926499
52.40963,4.928907
52.40964,4.931315
52.40965,4.933722
52.40966,4.936131
52.40966,4.938538
52.40968,4.940946
52.40968,4.943354
52.40969,4.945762
52.4097,4.94817
52.40971,4.950577
52.40972,4.952985
52.40973,4.955393
52.40974,4.957801
52.40974,4.960208
52.40976,4.962616
52.40976,4.965024
52.40977,4.967432
52.40978,4.96984
52.40979,4.972248
52.4098,4.974656
52.41064,4.822946
52.41066,4.825354
52.41067,4.827762
52.41068,4.83017
52.41069,4.832577
52.4107,4.834985
52.41071,4.837393
52.41072,4.839801
52.41073,4.842209
52.41074,4.844616
52.41076,4.847024
52.41077,4.849432
52.41078,4.85184
52.41079,4.854248
52.4108,4.856656
52.41081,4.859064
52.41082,4.861472
52.41083,4.863879
52.41084,4.866287
52.41085,4.868695
52.41086,4.871103
52.41087,4.873511
52.41088,4.875919
52.4109,4.878326
52.4109,4.880734
52.41092,4.883142
52.41093,4.88555
52.41093,4.887958
52.41095,4.890366
52.41096,4.892774
52.41096,4.895182
52.41098,4.897589
52.41098,4.899997
52.411,4.902405
52.41101,4.904813
52.41101,4.907221
52.41103,4.909629
52.41103,4.912036
52.41105,4.914444
52.41105,4.916852
52.41106,4.919261
52.41107,4.921668
52.41108,4.924076
52.41109,4.926484
52.4111,4.928892
52.41111,4.9313
52.41112,4.933708
52.41113,4.936115
52.41114,4.938523
52.41115,4.940931
52.41116,4.943339
52.41116,4.945747
52.41117,4.948155
52.41118,4.950563
52.41119,4.952971
52.4112,4.955379
52.41121,4.957787
52.41122,4.960195
52.41123,4.962602
52.41124,4.96501
52.41124,4.967418
52.41125,4.969826
52.41126,4.972234
52.41127,4.974642
52.41212,4.822927
52.41213,4.825336
52.41214,4.827743
52.41215,4.830151
52.41216,4.832559
52.41217,4.834967
52.41219,4.837375
52.4122,4.839783
52.4122,4.842191
52.41222,4.844599
52.41223,4.847006
52.41224,4.849414
52.41225,4.851822
52.41226,4.85423
52.41227,4.856638
52.41228,4.859046
52.41229,4.861454
52.4123,4.863862
52.41232,4.86627
52.41233,4.868678
52.41233,4.871086
52.41235,4.873494
52.41236,4.875902
52.41237,4.87831
52.41238,4.880718
52.41239,4.883125
52.4124,4.885533
52.41241,4.887941
52.41242,4.890349
52.41243,4.892757
52.41244,4.895165
52.41245,4.897573
52.41246,4.899981
52.41247,4.902389
52.41248,4.904797
52.41249,4.907205
52.4125,4.909613
52.41251,4.912021
52.41252,4.914429
52.41253,4.916837
52.41254,4.919245
52.41254,4.921653
52.41256,4.924061
52.41256,4.926469
52.41257,4.928876
52.41258,4.931284
52.41259,4.933692
52.4126,4.9361
52.41261,4.938509
52.41262,4.940917
52.41263,4.943325
52.41264,4.945732
52.41265,4.94814
52.41265,4.950548
52.41266,4.952956
52.41267,4.955364
52.41268,4.957772
52.41269,4.96018
52.4127,4.962588
52.41271,4.964996
52.41272,4.967404
52.41272,4.969812
52.41273,4.97222
52.41274,4.974628
52.41359,4.822908
52.4136,4.825316
52.41361,4.827724
52.41362,4.830132
52.41364,4.832541
52.41365,4.834949
52.41366,4.837357
52.41367,4.839765
52.41368,4.842173
52.41369,4.844581
52.4137,4.846989
52.41371,4.849397
52.41372,4.851805
52.41373,4.854213
52.41375,4.856621
52.41375,4.859029
52.41376,4.861436
52.41378,4.863844
52.41379,4.866252
52.4138,4.86866
52.41381,4.871068
52.41382,4.873477
52.41383,4.875885
52.41384,4.878293
52.41385,4.880701
52.41386,4.883109
52.41387,4.885517
52.41388,4.887925
52.41389,4.890333
52.4139,4.892741
52.41391,4.895149
52.41392,4.897557
52.41393,4.899965
52.41394,4.902373
52.41395,4.904781
52.41396,4.907189
52.41397,4.909597
52.41398,4.912005
52.41399,4.914413
52.414,4.916821
52.41401,4.919229
52.41402,4.921637
52.41403,4.924045
52.41404,4.926453
52.41405,4.928861
52.41405,4.931269
52.41407,4.933677
52.41407,4.936086
52.41408,4.938494
52.41409,4.940902
52.4141,4.94331
52.41411,4.945718
52.41412,4.948126
52.41413,4.950534
52.41413,4.952942
52.41415,4.95535
52.41415,4.957758
52.41416,4.960166
52.41417,4.962574
52.41418,4.964982
52.41419,4.96739
52.4142,4.969798
52.41421,4.972206
52.41422,4.974615
52.41506,4.82289
52.41507,4.825298
52.41508,4.827706
52.4151,4.830114
52.41511,4.832522
52.41512,4.83493
52.41513,4.837338
52.41514,4.839746
52.41515,4.842155
52.41516,4.844563
52.41517,4.846971
52.41518,4.849379
52.4152,4.851787
52.41521,4.854195
52.41522,4.856603
52.41523,4.859011
52.41524,4.861419
52.41525,4.863827
52.41526,4.866235
52.41527,4.868643
52.41528,4.871051
52.41529,4.873459
52.4153,4.875868
52.41531,4.878276
52.41532,4.880684
52.41533,4.883092
52.41534,4.8855
52.41535,4.887908
52.41536,4.890316
52.41537,4.892725
52.41538,4.895133
52.41539,4.897541
52.4154,4.899949
52.41541,4.902357
52.41542,4.904765
52.41543,4.907173
52.41544,4.909581
52.41545,4.911989
52.41546,4.914397
52.41547,4.916805
52.41548,4.919214
52.41549,4.921622
52.4155,4.92403
52.41551,4.926438
52.41552,4.928846
52.41553,4.931254
52.41554,4.933662
52.41555,4.93607
52.41555,4.938478
52.41557,4.940887
52.41557,4.943295
52.41558,4.945703
52.41559,4.948111
52.4156,4.950519
52.41561,4.952928
52.41562,4.955336
52.41563,4.957744
52.41563,4.960152
52.41565,4.96256
52.41565,4.964968
52.41566,4.967376
52.41567,4.969784
52.41568,4.972193
52.41569,4.974601
52.41653,4.822871
52.41655,4.825279
52.41656,4.827687
52.41657,4.830096
52.41658,4.832504
52.41659,4.834912
52.4166,4.83732
52.41661,4.839728
52.41662,4.842136
52.41663,4.844544
52.41665,4.846952
52.41666,4.849361
52.41667,4.851769
52.41668,4.854177
52.41669,4.856586
52.4167,4.858994
52.41671,4.861402
52.41672,4.86381
52.41673,4.866218
52.41674,4.868626
52.41675,4.871034
52.41676,4.873443
52.41677,4.875851
52.41679,4.878259
52.41679,4.880667
52.41681,4.883075
52.41682,4.885483
52.41682,4.887892
52.41684,4.8903
52.41685,4.892708
52.41685,4.895116
52.41687,4.897524
52.41687,4.899932
52.41689,4.902341
52.4169,4.904749
52.4169,4.907157
52.41692,4.909565
52.41692,4.911973
52.41693,4.914382
52.41694,4.91679
52.41695,4.919198
52.41696,4.921606
52.41697,4.924015
52.41698,4.926423
52.41699,4.928831
52.417,4.931239
52.41701,4.933647
52.41702,4.936056
52.41703,4.938464
52.41704,4.940872
52.41705,4.94328
52.41705,4.945688
52.41706,4.948097
52.41707,4.950505
52.41708,4.952913
52.41709,4.955321
52.4171,4.957729
52.41711,4.960138
52.41712,4.962546
52.41713,4.964954
52.41713,4.967362
52.41714,4.96977
52.41715,4.972179
52.41716,4.974587
52.41801,4.822852
52.41802,4.825261
52.41803,4.827669
52.41804,4.830077
52.41805,4.832485
52.41806,4.834894
52.41808,4.837302
52.41809,4.83971
52.41809,4.842118
52.41811,4.844526
52.41812,4.846935
52.41813,4.849343
52.41814,4.851751
52.41815,4.854159
52.41816,4.856568
52.41817,4.858976
52.41818,4.861384
52.41819,4.863792
52.41821,4.8662
52.41822,4.868609
52.41822,4.871017
52.41824,4.873425
52.41825,4.875834
52.41826,4.878242
52.41827,4.88065
52.41828,4.883059
52.41829,4.885467
52.4183,4.887875
52.41831,4.890283
52.41832,4.892692
52.41833,4.8951
52.41834,4.897508
52.41835,4.899916
52.41836,4.902325
52.41837,4.904733
52.41838,4.907141
52.41839,4.909549
52.4184,4.911958
52.41841,4.914366
52.41842,4.916774
52.41843,4.919182
52.41843,4.921591
52.41845,4.923999
52.41845,4.926407
52.41846,4.928816
52.41847,4.931224
52.41848,4.933632
52.41849,4.93604
52.4185,4.938449
52.41851,4.940857
52.41852,4.943265
52.41853,4.945673
52.41854,4.948082
52.41854,4.95049
52.41855,4.952899
52.41856,4.955307
52.41857,4.957715
52.41858,4.960124
52.41859,4.962532
52.4186,4.96494
52.41861,4.967348
52.41861,4.969757
52.41862,4.972165
52.41863,4.974573
52.41948,4.822834
52.41949,4.825242
52.4195,4.82765
52.41951,4.830059
52.41953,4.832467
52.41954,4.834875
52.41955,4.837284
52.41956,4.839692
52.41957,4.8421
52.41958,4.844508
52.41959,4.846917
52.4196,4.849325
52.41961,4.851733
52.41962,4.854142
52.41964,4.85655
52.41964,4.858958
52.41965,4.861367
52.41967,4.863775
52.41968,4.866183
52.41969,4.868592
52.4197,4.871
52.41971,4.873408
52.41972,4.875817
52.41973,4.878225
52.41974,4.880633
52.41975,4.883042
52.41976,4.88545
52.41977,4.887858
52.41978,4.890267
52.41979,4.892675
52.4198,4.895083
52.41981,4.897492
52.41982,4.8999
52.41983,4.902308
52.41984,4.904717
52.41985,4.907125
52.41986,4.909534
52.41987,4.911942
52.41988,4.91435
52.41989,4.916759
52.4199,4.919167
52.41991,4.921576
52.41992,4.923984
52.41993,4.926392
52.41994,4.928801
52.41994,4.931209
52.41996,4.933617
52.41996,4.936026
52.41997,4.938434
52.41998,4.940842
52.41999,4.943251
52.42,4.945659
52.42001,4.948067
52.42002,4.950476
52.42002,4.952884
52.42004,4.955293
52.42004,4.957701
52.42005,4.960109
52.42006,4.962518
52.42007,4.964926
52.42008,4.967334
52.42009,4.969743
52.4201,4.972151
52.4201,4.974559
52.42095,4.822815
52.42096,4.825223
52.42097,4.827631
52.42099,4.83004
52.421,4.832448
52.42101,4.834857
52.42102,4.837265
52.42103,4.839674
52.42104,4.842082
52.42105,4.844491
52.42106,4.846899
52.42107,4.849307
52.42109,4.851716
52.4211,4.854124
52.42111,4.856533
52.42112,4.858941
52.42113,4.861349
52.42114,4.863758
52.42115,4.866166
52.42116,4.868575
52.42117,4.870983
52.42118,4.873391
52.42119,4.8758
52.4212,4.878208
52.42121,4.880617
52.42122,4.883025
52.42123,4.885433
52.42124,4.887842
52.42125,4.89025
52.42126,4.892659
52.42127,4.895067
52.42128,4.897476
52.42129,4.899884
52.4213,4.902292
52.42131,4.904701
52.42132,4.907109
52.42133,4.909518
52.42134,4.911926
52.42135,4.914334
52.42136,4.916743
52.42137,4.919151
52.42138,4.92156
52.42139,4.923968
52.4214,4.926377
52.42141,4.928785
52.42142,4.931194
52.42143,4.933602
52.42144,4.93601
52.42144,4.938419
52.42146,4.940827
52.42146,4.943236
52.42147,4.945644
52.42148,4.948053
52.42149,4.950461
52.4215,4.95287
52.42151,4.955278
52.42152,4.957686
52.42152,4.960095
52.42154,4.962503
52.42154,4.964912
52.42155,4.96732
52.42156,4.969729
52.42157,4.972137
52.42158,4.974546
