MessageNumber,7777,GRIBEditionNumber,Ni,Nj,P1,P2,PLPresent,PVPresent,WMO,additionalFlagPresent,alternativeRowScanning,angleSubdivisions,average,binaryScaleFactor,bitMapIndicator,bitmap,bitmapPresent,bitsPerValue,bitsPerValueAndRepack,boustrophedonic,centre,centreDescription,centuryOfReferenceTimeOfData,cfName,cfNameECMF,cfVarName,changeDecimalPrecision,codedValues,complexPacking,constantFieldHalfByte,dataDate,dataFlag,dataLength,dataRepresentationType,dataTime,day,decimalPrecision,decimalScaleFactor,deleteLocalDefinition,deletePV,distinctLatitudes,distinctLongitudes,earthIsOblate,editionNumber,endStep,eps,generatingProcessIdentifier,getNumberOfValues,globalDomain,gridDefinition,gridDefinitionDescription,gridDefinitionTemplateNumber,gridDescriptionSectionPresent,gridType,halfByte,hideThis,hour,iDirectionIncrement,iDirectionIncrementInDegrees,iScansNegatively,iScansPositively,ifsParam,ijDirectionIncrementGiven,indicatorOfParameter,indicatorOfTypeOfLevel,integerPointValues,isConstant,isGridded,isSpectral,jDirectionIncrement,jDirectionIncrementInDegrees,jPointsAreConsecutive,jScansNegatively,jScansPositively,julianDay,kurtosis,latLonValues,latitudeOfFirstGridPoint,latitudeOfFirstGridPointInDegrees,latitudeOfLastGridPoint,latitudeOfLastGridPointInDegrees,latitudes,lengthOfHeaders,level,localUsePresent,longitudeOfFirstGridPoint,longitudeOfFirstGridPointInDegrees,longitudeOfLastGridPoint,longitudeOfLastGridPointInDegrees,longitudes,marsParam,maximum,md5Headers,md5Product,md5Section1,md5Section2,md5Section3,md5Section4,minimum,minute,missingValue,month,name,nameECMF,neitherPresent,numberIncludedInAverage,numberMissingFromAveragesOrAccumulations,numberOfCodedValues,numberOfDataPoints,numberOfMissing,numberOfUnusedBitsAtEndOfSection3,numberOfValues,numberOfVerticalCoordinateValues,offsetSection0,offsetValuesBy,optimizeScaleFactor,orderOfSPD,packingError,packingType,padding_sec2_2,padding_sec2_3,padding_sec3_1,padding_sec4_1,paramId,paramIdECMF,paramIdForConversion,parameterName,parameterUnits,pressureUnits,productionStatusOfProcessedData,pv,pvlLocation,radius,referenceValue,referenceValueError,resolutionAndComponentFlags,resolutionAndComponentFlags3,resolutionAndComponentFlags4,resolutionAndComponentFlags6,resolutionAndComponentFlags7,resolutionAndComponentFlags8,scaleValuesBy,scanningMode,scanningMode4,scanningMode5,scanningMode6,scanningMode7,scanningMode8,second,section0Length,section1Length,section1Padding,section2Length,section3Length,section3Padding,section4Length,section5Length,setLocalDefinition,setPackingType,shortName,shortNameECMF,skewness,sphericalHarmonics,standardDeviation,startStep,stepRange,stepType,stepTypeForConversion,stepUnits,subCentre,swapScanningAlternativeRows,table2Version,tableReference,timeRangeIndicator,totalLength,typeOfLevel,typeOfLevelECMF,unitOfTimeRange,units,unitsECMF,unpackedError,uvRelativeToGrid,validityDate,validityDateTime,validityTime,values,wrongPadding,year,yearOfCentury,zeros
1,7777,1,390,390,0,0,0,1,0,0,0,1000,288.31720801359097,-11,255,,0,16,16,0,knmi,"DeBilt, Netherlands",21,unknown,unknown,unknown,0,,0,8,20241021,8,38025,0,1200,21,0,0,0,unknown,,,0,1,0,0,43,152100,g,255,Latitude/Longitude Grid,0,1,regular_ll,8,0,12,29,0.029,0,1,0,1,11,sfc,0,0.0,1,0,18,0.018,0,0,1,2460605.0,2.245251012093876,,49000,49.0,56002,56.002,,789,0,0,0,0.0,11281,11.281,,11.253,308.241455078125,15d58406c31fd527af1b76c65dd18bc3,7208514a23e30e93f6fab445e855f681,67ac6f847b2ccbe3ee721b4a77f2158f,15c9e4d715a69cb80bef2ee4d97566a9,,e9bb43de8b0b808a56323e8aa362aece,283.252685546875,0,9999,10,unknown,unknown,255,0,0,152100,152100,0,,152100,182,0,0.0,0,2,0.0003662109375,grid_simple,,,,,0,0,0,11,11,hPa,0,,33,6367470,283.252685546875,0.000244140625,136,0,0,0,0,0,1.0,64,0,0,0,0,0,0,8,28,,760,,,304212,4,0,grid_simple,unknown,unknown,1.5477909600284698,0,2.9251373158195992,0,0,instant,unknown,1,255,0,253,0,0,305012,heightAboveGround,heightAboveGround,1,unknown,unknown,3.0517578125e-05,1,20241021,2460604.5083333333,1200,,0,2024,24,
2,7777,1,390,390,0,0,0,1,0,0,0,1000,836.7487747764211,-10,255,,0,24,24,0,knmi,"DeBilt, Netherlands",21,unknown,unknown,unknown,0,,0,8,20241021,8,57037,0,1200,21,0,0,0,unknown,,,0,1,0,0,43,152100,g,255,Latitude/Longitude Grid,0,1,regular_ll,8,0,12,29,0.029,0,1,0,1,6,sfc,0,0.0,1,0,18,0.018,0,0,1,2460605.0,2.6166856967639616,,49000,49.0,56002,56.002,,789,0,0,0,0.0,11281,11.281,,6.253,8898.038925170898,36fa04a2b853cc9da158c8fb3a5fc25a,b2eac583cbe93b0a8ed8c5cf2f4ec52c,4332a1e53dc5a8afdc57c763072371cb,15c9e4d715a69cb80bef2ee4d97566a9,,6ed58d0fb0d39686ee66707822fb5c9c,-218.76576232910156,0,9999,10,unknown,unknown,255,0,0,152100,152100,0,,152100,182,0,0.0,0,2,0.00049591064453125,grid_simple,,,,,0,0,0,6,6,hPa,0,,33,6367470,-218.76576232910156,1.52587890625e-05,136,0,0,0,0,0,1.0,64,0,0,0,0,0,0,8,28,,760,,,456312,4,0,grid_simple,unknown,unknown,1.8081043229414633,0,1340.0115644372854,0,0,instant,unknown,1,255,0,253,0,0,457112,heightAboveGround,heightAboveGround,1,unknown,unknown,1.52587890625e-05,1,20241021,2460604.5083333333,1200,,0,2024,24,
3,7777,1,390,390,0,0,0,1,0,0,0,1000,0.0,-10,255,,0,0,0,0,knmi,"DeBilt, Netherlands",21,unknown,unknown,unknown,0,,0,8,20241021,8,0,0,1200,21,0,0,0,unknown,,,0,1,0,0,43,152100,g,255,Latitude/Longitude Grid,0,1,regular_ll,8,0,12,29,0.029,0,1,0,1,65,sfc,0,1.0,1,0,18,0.018,0,0,1,2460605.0,0.0,,49000,49.0,56002,56.002,,789,0,0,0,0.0,11281,11.281,,65.253,0.0,f6c77242b287a9c43e2f8b159b8c7002,2be6dac6bffd88a1c26757aa6b3292b0,fb45b0798815fac44e41295a8fdf2176,15c9e4d715a69cb80bef2ee4d97566a9,,3c0abbe519a857510797a06ad4e38db4,0.0,0,9999,10,unknown,unknown,255,0,0,152100,152100,0,,152100,182,0,0.0,0,2,5.397605346934028e-79,grid_simple,,,,,0,0,0,65,65,hPa,0,,33,6367470,0.0,5.397605346934028e-79,136,0,0,0,0,0,1.0,64,0,0,0,0,0,0,8,28,,760,,,12,4,0,grid_simple,unknown,unknown,0.0,0,0.0,0,0,instant,unknown,1,255,0,253,0,0,812,heightAboveGround,heightAboveGround,1,unknown,unknown,1.1754943508222875e-38,1,20241021,2460604.5083333333,1200,,0,2024,24,
4,7777,1,390,390,0,0,0,1,0,0,0,1000,0.0,-10,255,,0,0,0,0,knmi,"DeBilt, Netherlands",21,unknown,unknown,unknown,0,,0,8,20241021,8,0,0,1200,21,0,0,0,unknown,,,0,1,0,0,43,152100,g,255,Latitude/Longitude Grid,0,1,regular_ll,8,0,12,29,0.029,0,1,0,1,132,sfc,0,1.0,1,0,18,0.018,0,0,1,2460605.0,0.0,,49000,49.0,56002,56.002,,789,0,0,0,0.0,11281,11.281,,132.253,0.0,d1f1d773d4393c8c318e810eecf68d76,9b81535ebcbefe96f42e6f40fc18db0b,44e5135f4c044db42315a4e4ee0c6afe,15c9e4d715a69cb80bef2ee4d97566a9,,3c0abbe519a857510797a06ad4e38db4,0.0,0,9999,10,unknown,unknown,255,0,0,152100,152100,0,,152100,182,0,0.0,0,2,5.397605346934028e-79,grid_simple,,,,,0,0,0,132,132,hPa,0,,33,6367470,0.0,5.397605346934028e-79,136,0,0,0,0,0,1.0,64,0,0,0,0,0,0,8,28,,760,,,12,4,0,grid_simple,unknown,unknown,0.0,0,0.0,0,0,accum,unknown,1,255,0,253,0,4,812,heightAboveGround,heightAboveGround,1,unknown,unknown,1.1754943508222875e-38,1,20241021,2460604.5083333333,1200,,0,2024,24,
5,7777,1,390,390,0,0,0,1,0,0,0,1000,17.74848613648725,-11,255,,0,16,16,0,knmi,"DeBilt, Netherlands",21,unknown,unknown,unknown,0,,0,8,20241021,8,38025,0,1200,21,0,0,0,unknown,,,0,1,0,0,43,152100,g,255,Latitude/Longitude Grid,0,1,regular_ll,8,0,12,29,0.029,0,1,0,1,33,pl,0,0.0,1,0,18,0.018,0,0,1,2460605.0,-0.1519125623745734,,49000,49.0,56002,56.002,,789,100,0,0,0.0,11281,11.281,,33.253,23.81693935394287,7d9de70b36db288ef83b2004328f3ca0,c73bb30afde1bc9c83708c8ba6a563f3,359fa7882f2be13020c7b932c99ec223,15c9e4d715a69cb80bef2ee4d97566a9,,7a369ecaa60b18a7f96d7b38e652f00c,6.507857322692871,0,9999,10,unknown,unknown,255,0,0,152100,152100,0,,152100,182,0,0.0,0,2,0.0002446174621582031,grid_simple,,,,,0,0,0,33,33,hPa,0,,33,6367470,6.507857322692871,9.5367431640625e-07,136,0,0,0,0,0,1.0,64,0,0,0,0,0,0,8,28,,760,,,304212,4,0,grid_simple,unknown,unknown,-0.8145792099082654,0,3.9016544397800046,0,0,instant,unknown,1,255,0,253,0,0,305012,isobaricInhPa,isobaricInhPa,1,unknown,unknown,4.76837158203125e-07,1,20241021,2460604.5083333333,1200,,0,2024,24,
6,7777,1,390,390,0,0,0,1,0,0,0,1000,9.514949540775282,-11,255,,0,16,16,0,knmi,"DeBilt, Netherlands",21,unknown,unknown,unknown,0,,0,8,20241021,8,38025,0,1200,21,0,0,0,unknown,,,0,1,0,0,43,152100,g,255,Latitude/Longitude Grid,0,1,regular_ll,8,0,12,29,0.029,0,1,0,1,34,pl,0,0.0,1,0,18,0.018,0,0,1,2460605.0,-0.4831621021470416,,49000,49.0,56002,56.002,,789,100,0,0,0.0,11281,11.281,,34.253,16.996802926063538,6694db8ccd2bd6bb3da86f593bd3d1a0,b2fd8424d5f15266f9ae50bfd20f1370,7e4c67adcc65197e17e5c9a46762fc4b,15c9e4d715a69cb80bef2ee4d97566a9,,49b7ef6374a9431302053e8424fad8c5,0.1862560510635376,0,9999,10,unknown,unknown,255,0,0,152100,152100,0,,152100,182,0,0.0,0,2,0.0002441704273223877,grid_simple,,,,,0,0,0,34,34,hPa,0,,33,6367470,0.1862560510635376,5.960464477539063e-08,136,0,0,0,0,0,1.0,64,0,0,0,0,0,0,8,28,,760,,,304212,4,0,grid_simple,unknown,unknown,-0.620651921939286,0,3.7456683250271623,0,0,instant,unknown,1,255,0,253,0,0,305012,isobaricInhPa,isobaricInhPa,1,unknown,unknown,1.4901161193847656e-08,1,20241021,2460604.5083333333,1200,,0,2024,24,
7,7777,1,390,390,0,0,0,1,0,0,0,1000,31.85134468846067,-10,255,,0,16,16,0,knmi,"DeBilt, Netherlands",21,unknown,unknown,unknown,0,,0,8,20241021,8,38025,0,1200,21,0,0,0,unknown,,,0,1,0,0,43,152100,g,255,Latitude/Longitude Grid,0,1,regular_ll,8,0,12,29,0.029,0,1,0,1,33,pl,0,0.0,1,0,18,0.018,0,0,1,2460605.0,-0.011603784464570222,,49000,49.0,56002,56.002,,789,200,0,0,0.0,11281,11.281,,33.253,52.34439468383789,a4a8c1c0112cb7533362401269893560,4b4cfe4eedc009f69902ba9b42e4c253,9b1ee9c8e7c5aa33c6132f4b3141b201,15c9e4d715a69cb80bef2ee4d97566a9,,3159d0f92e75129f9d0325f2825d2b4c,7.647129058837891,0,9999,10,unknown,unknown,255,0,0,152100,152100,0,,152100,182,0,0.0,0,2,0.0004887580871582031,grid_simple,,,,,0,0,0,33,33,hPa,0,,33,6367470,7.647129058837891,9.5367431640625e-07,136,0,0,0,0,0,1.0,64,0,0,0,0,0,0,8,28,,760,,,304212,4,0,grid_simple,unknown,unknown,-0.3178939575627736,0,8.093225978473228,0,0,instant,unknown,1,255,0,253,0,0,305012,isobaricInhPa,isobaricInhPa,1,unknown,unknown,4.76837158203125e-07,1,20241021,2460604.5083333333,1200,,0,2024,24,
8,7777,1,390,390,0,0,0,1,0,0,0,1000,28.7214790880202,-10,255,,0,16,16,0,knmi,"DeBilt, Netherlands",21,unknown,unknown,unknown,0,,0,8,20241021,8,38025,0,1200,21,0,0,0,unknown,,,0,1,0,0,43,152100,g,255,Latitude/Longitude Grid,0,1,regular_ll,8,0,12,29,0.029,0,1,0,1,34,pl,0,0.0,1,0,18,0.018,0,0,1,2460605.0,-0.7019441338931864,,49000,49.0,56002,56.002,,789,200,0,0,0.0,11281,11.281,,34.253,46.86642932891846,ba3860df4a83af36a31f12bccff0808d,5314d808995e152580a81d7f63eadfce,a152c6e5e0dd6c780360ec4953e9f5b7,15c9e4d715a69cb80bef2ee4d97566a9,,807693109a5c85d917c1f6acdafc2a49,3.611546516418457,0,9999,10,unknown,unknown,255,0,0,152100,152100,0,,152100,182,0,0.0,0,2,0.0004887580871582031,grid_simple,,,,,0,0,0,34,34,hPa,0,,33,6367470,3.611546516418457,9.5367431640625e-07,136,0,0,0,0,0,1.0,64,0,0,0,0,0,0,8,28,,760,,,304212,4,0,grid_simple,unknown,unknown,0.14283970457811596,0,9.199695840026628,0,0,instant,unknown,1,255,0,253,0,0,305012,isobaricInhPa,isobaricInhPa,1,unknown,unknown,2.384185791015625e-07,1,20241021,2460604.5083333333,1200,,0,2024,24,
9,7777,1,390,390,0,0,0,1,0,0,0,1000,31.74130642631977,-10,255,,0,16,16,0,knmi,"DeBilt, Netherlands",21,unknown,unknown,unknown,0,,0,8,20241021,8,38025,0,1200,21,0,0,0,unknown,,,0,1,0,0,43,152100,g,255,Latitude/Longitude Grid,0,1,regular_ll,8,0,12,29,0.029,0,1,0,1,33,pl,0,0.0,1,0,18,0.018,0,0,1,2460605.0,-0.8022120015029479,,49000,49.0,56002,56.002,,789,300,0,0,0.0,11281,11.281,,33.253,56.1760368347168,3b1546012e223a81f5ef8ac847966b67,6e548f400a95ff07dbf5d5140d929f7d,4cf6b24a21385363a6e695fe8a976523,15c9e4d715a69cb80bef2ee4d97566a9,,c3ba7527c3d258bb7ca7b520aa609694,5.202404022216797,0,9999,10,unknown,unknown,255,0,0,152100,152100,0,,152100,182,0,0.0,0,2,0.0004887580871582031,grid_simple,,,,,0,0,0,33,33,hPa,0,,33,6367470,5.202404022216797,9.5367431640625e-07,136,0,0,0,0,0,1.0,64,0,0,0,0,0,0,8,28,,760,,,304212,4,0,grid_simple,unknown,unknown,-0.09468874602022902,0,11.008438049074767,0,0,instant,unknown,1,255,0,253,0,0,305012,isobaricInhPa,isobaricInhPa,1,unknown,unknown,4.76837158203125e-07,1,20241021,2460604.5083333333,1200,,0,2024,24,
10,7777,1,390,390,0,0,0,1,0,0,0,1000,29.03036408877702,-10,255,,0,16,16,0,knmi,"DeBilt, Netherlands",21,unknown,unknown,unknown,0,,0,8,20241021,8,38025,0,1200,21,0,0,0,unknown,,,0,1,0,0,43,152100,g,255,Latitude/Longitude Grid,0,1,regular_ll,8,0,12,29,0.029,0,1,0,1,34,pl,0,0.0,1,0,18,0.018,0,0,1,2460605.0,-0.009603912085121902,,49000,49.0,56002,56.002,,789,300,0,0,0.0,11281,11.281,,34.253,55.038804054260254,82a11faa340e9891fc120e939e36121d,cfa333ebdb70e48562658162ff4972ce,bc2412d44a424f5f9f9b8a8a198aaedf,15c9e4d715a69cb80bef2ee4d97566a9,,fda8c30830b45d96e958a1f0ffadd30e,7.631577491760254,0,9999,10,unknown,unknown,255,0,0,152100,152100,0,,152100,182,0,0.0,0,2,0.0004887580871582031,grid_simple,,,,,0,0,0,34,34,hPa,0,,33,6367470,7.631577491760254,9.5367431640625e-07,136,0,0,0,0,0,1.0,64,0,0,0,0,0,0,8,28,,760,,,304212,4,0,grid_simple,unknown,unknown,0.15606488378095068,0,9.413689861349104,0,0,instant,unknown,1,255,0,253,0,0,305012,isobaricInhPa,isobaricInhPa,1,unknown,unknown,4.76837158203125e-07,1,20241021,2460604.5083333333,1200,,0,2024,24,
11,7777,1,390,390,0,0,0,1,0,0,0,1000,0.0,-4,255,,0,0,0,0,knmi,"DeBilt, Netherlands",21,unknown,unknown,unknown,0,,0,8,20241021,8,0,0,1200,21,0,0,0,unknown,,,0,1,0,0,43,152100,g,255,Latitude/Longitude Grid,0,1,regular_ll,8,0,12,29,0.029,0,1,0,1,122,sfc,0,1.0,1,0,18,0.018,0,0,1,2460605.0,0.0,,49000,49.0,56002,56.002,,789,0,0,0,0.0,11281,11.281,,122.253,0.0,107553164ab9fab84f1ed4d61b4d5bb8,e07fc4e1439b3d08a5c664d438de969a,f24235e7989711259fb37ea411be81f5,15c9e4d715a69cb80bef2ee4d97566a9,,a1d0575f5050510f5bedd9e953f2e608,0.0,0,9999,10,unknown,unknown,255,0,0,152100,152100,0,,152100,182,0,0.0,0,2,5.397605346934028e-79,grid_simple,,,,,0,0,0,122,122,hPa,0,,33,6367470,0.0,5.397605346934028e-79,136,0,0,0,0,0,1.0,64,0,0,0,0,0,0,8,28,,760,,,12,4,0,grid_simple,unknown,unknown,0.0,0,0.0,0,0,accum,unknown,1,255,0,253,0,4,812,heightAboveGround,heightAboveGround,1,unknown,unknown,1.1754943508222875e-38,1,20241021,2460604.5083333333,1200,,0,2024,24,
12,7777,1,390,390,0,0,0,1,0,0,0,1000,0.0,-4,255,,0,0,0,0,knmi,"DeBilt, Netherlands",21,unknown,unknown,unknown,0,,0,8,20241021,8,0,0,1200,21,0,0,0,unknown,,,0,1,0,0,43,152100,g,255,Latitude/Longitude Grid,0,1,regular_ll,8,0,12,29,0.029,0,1,0,1,117,sfc,0,1.0,1,0,18,0.018,0,0,1,2460605.0,0.0,,49000,49.0,56002,56.002,,789,0,0,0,0.0,11281,11.281,,117.253,0.0,f830b87977662c82572997871c699a96,433b4ac6702e130a672360a285405d2d,0d2a16b812c70a65bdff297bacfcb23b,15c9e4d715a69cb80bef2ee4d97566a9,,a1d0575f5050510f5bedd9e953f2e608,0.0,0,9999,10,unknown,unknown,255,0,0,152100,152100,0,,152100,182,0,0.0,0,2,5.397605346934028e-79,grid_simple,,,,,0,0,0,117,117,hPa,0,,33,6367470,0.0,5.397605346934028e-79,136,0,0,0,0,0,1.0,64,0,0,0,0,0,0,8,28,,760,,,12,4,0,grid_simple,unknown,unknown,0.0,0,0.0,0,0,accum,unknown,1,255,0,253,0,4,812,heightAboveGround,heightAboveGround,1,unknown,unknown,1.1754943508222875e-38,1,20241021,2460604.5083333333,1200,,0,2024,24,
13,7777,1,390,390,0,0,0,1,0,0,0,1000,211.17757938743657,-12,255,,0,16,16,0,knmi,"DeBilt, Netherlands",21,unknown,unknown,unknown,0,,0,8,20241021,8,38025,0,1200,21,0,0,0,unknown,,,0,1,0,0,43,152100,g,255,Latitude/Longitude Grid,0,1,regular_ll,8,0,12,29,0.029,0,1,0,1,11,pl,0,0.0,1,0,18,0.018,0,0,1,2460605.0,-0.47923939913407,,49000,49.0,56002,56.002,,789,100,0,0,0.0,11281,11.281,,11.253,218.49734497070312,5d8f1b60eec0f4083878518ab7c0b762,43a8f482a13097f01d7766f78aeac7d3,6a6bc3c8f2f621341a77422107b69b6e,15c9e4d715a69cb80bef2ee4d97566a9,,d0a84d1d0ee05eb3036e01efe25e7abf,207.02883911132812,0,9999,10,unknown,unknown,255,0,0,152100,152100,0,,152100,182,0,0.0,0,2,0.00012969970703125,grid_simple,,,,,0,0,0,11,11,hPa,0,,33,6367470,207.02883911132812,1.52587890625e-05,136,0,0,0,0,0,1.0,64,0,0,0,0,0,0,8,28,,760,,,304212,4,0,grid_simple,unknown,unknown,0.4595495623813121,0,2.538198616471381,0,0,instant,unknown,1,255,0,253,0,0,305012,isobaricInhPa,isobaricInhPa,1,unknown,unknown,1.52587890625e-05,1,20241021,2460604.5083333333,1200,,0,2024,24,
14,7777,1,390,390,0,0,0,1,0,0,0,1000,215.71653281067015,-12,255,,0,16,16,0,knmi,"DeBilt, Netherlands",21,unknown,unknown,unknown,0,,0,8,20241021,8,38025,0,1200,21,0,0,0,unknown,,,0,1,0,0,43,152100,g,255,Latitude/Longitude Grid,0,1,regular_ll,8,0,12,29,0.029,0,1,0,1,11,pl,0,0.0,1,0,18,0.018,0,0,1,2460605.0,4.636933955741738,,49000,49.0,56002,56.002,,789,200,0,0,0.0,11281,11.281,,11.253,223.27694702148438,13706a43c24f92276ac102e768d6fa7c,f72898905768f673cdbb7588103a9a50,774ab969d905cf1634b774df1e764dda,15c9e4d715a69cb80bef2ee4d97566a9,,f5c33aeeab0bfe401945110748c86586,213.63632202148438,0,9999,10,unknown,unknown,255,0,0,152100,152100,0,,152100,182,0,0.0,0,2,0.00012969970703125,grid_simple,,,,,0,0,0,11,11,hPa,0,,33,6367470,213.63632202148438,1.52587890625e-05,136,0,0,0,0,0,1.0,64,0,0,0,0,0,0,8,28,,760,,,304212,4,0,grid_simple,unknown,unknown,2.266802200049986,0,1.823411406428035,0,0,instant,unknown,1,255,0,253,0,0,305012,isobaricInhPa,isobaricInhPa,1,unknown,unknown,1.52587890625e-05,1,20241021,2460604.5083333333,1200,,0,2024,24,
15,7777,1,390,390,0,0,0,1,0,0,0,1000,233.44566463312455,-13,255,,0,16,16,0,knmi,"DeBilt, Netherlands",21,unknown,unknown,unknown,0,,0,8,20241021,8,38025,0,1200,21,0,0,0,unknown,,,0,1,0,0,43,152100,g,255,Latitude/Longitude Grid,0,1,regular_ll,8,0,12,29,0.029,0,1,0,1,11,pl,0,0.0,1,0,18,0.018,0,0,1,2460605.0,-0.6603483898086533,,49000,49.0,56002,56.002,,789,300,0,0,0.0,11281,11.281,,11.253,235.43923950195312,43e14b6236901ae1b7c48c314233fb3f,0a4a67d77ebf4d9cd7d65b21637aaad4,d9fe43b9b65a097aa1eb3eff22758bed,15c9e4d715a69cb80bef2ee4d97566a9,,d6f6f53bc37dca24971ed872fe2e354a,228.93118286132812,0,9999,10,unknown,unknown,255,0,0,152100,152100,0,,152100,182,0,0.0,0,2,6.866455078125e-05,grid_simple,,,,,0,0,0,11,11,hPa,0,,33,6367470,228.93118286132812,1.52587890625e-05,136,0,0,0,0,0,1.0,64,0,0,0,0,0,0,8,28,,760,,,304212,4,0,grid_simple,unknown,unknown,-0.913389626289335,0,1.6147723711313395,0,0,instant,unknown,1,255,0,253,0,0,305012,isobaricInhPa,isobaricInhPa,1,unknown,unknown,1.52587890625e-05,1,20241021,2460604.5083333333,1200,,0,2024,24,
16,7777,1,390,390,0,0,0,1,0,0,0,1000,4.4146366518912235,-11,255,,0,16,16,0,knmi,"DeBilt, Netherlands",21,unknown,unknown,unknown,0,,0,8,20241021,8,38025,0,1200,21,0,0,0,unknown,,,0,1,0,0,43,152100,g,255,Latitude/Longitude Grid,0,1,regular_ll,8,0,12,29,0.029,0,1,0,1,33,sfc,0,0.0,1,0,18,0.018,0,0,1,2460605.0,-0.9723492313048516,,49000,49.0,56002,56.002,,789,50,0,0,0.0,11281,11.281,,33.253,13.55604076385498,fef38e930b06e4e25233bf9eb38d0ac9,7fd1cb2c372263379f092cfcf9b292e4,4d8c8c46f6d5ac9d5a2e1fae5c0ecb09,15c9e4d715a69cb80bef2ee4d97566a9,,1145bff891a394edc9fefdb2bf095ab9,-6.0850725173950195,0,9999,10,unknown,unknown,255,0,0,152100,152100,0,,152100,182,0,0.0,0,2,0.0002446174621582031,grid_simple,,,,,0,0,0,33,33,hPa,0,,33,6367470,-6.0850725173950195,9.5367431640625e-07,136,0,0,0,0,0,1.0,64,0,0,0,0,0,0,8,28,,760,,,304212,4,0,grid_simple,unknown,unknown,0.13202091564744223,0,4.35781786280121,0,0,instant,unknown,1,255,0,253,0,0,305012,heightAboveGround,heightAboveGround,1,unknown,unknown,4.76837158203125e-07,1,20241021,2460604.5083333333,1200,,0,2024,24,
17,7777,1,390,390,0,0,0,1,0,0,0,1000,3.9716001698219956,-11,255,,0,16,16,0,knmi,"DeBilt, Netherlands",21,unknown,unknown,unknown,0,,0,8,20241021,8,38025,0,1200,21,0,0,0,unknown,,,0,1,0,0,43,152100,g,255,Latitude/Longitude Grid,0,1,regular_ll,8,0,12,29,0.029,0,1,0,1,34,sfc,0,0.0,1,0,18,0.018,0,0,1,2460605.0,-0.5256605288850613,,49000,49.0,56002,56.002,,789,50,0,0,0.0,11281,11.281,,34.253,10.900664329528809,575250519a24d8b41677d9325e4678b4,515fb1777595e6132c1276d4871b2527,3924a5304ded5854dd6380928788399a,15c9e4d715a69cb80bef2ee4d97566a9,,4a0f90aa8ff53cbbfc1b14303b8a227d,-6.220917701721191,0,9999,10,unknown,unknown,255,0,0,152100,152100,0,,152100,182,0,0.0,0,2,0.0002446174621582031,grid_simple,,,,,0,0,0,34,34,hPa,0,,33,6367470,-6.220917701721191,9.5367431640625e-07,136,0,0,0,0,0,1.0,64,0,0,0,0,0,0,8,28,,760,,,304212,4,0,grid_simple,unknown,unknown,-0.2939333756598258,0,3.143275607717264,0,0,instant,unknown,1,255,0,253,0,0,305012,heightAboveGround,heightAboveGround,1,unknown,unknown,4.76837158203125e-07,1,20241021,2460604.5083333333,1200,,0,2024,24,
18,7777,1,390,390,0,0,0,1,0,0,0,1000,4.9416695907663,-11,255,,0,16,16,0,knmi,"DeBilt, Netherlands",21,unknown,unknown,unknown,0,,0,8,20241021,8,38025,0,1200,21,0,0,0,unknown,,,0,1,0,0,43,152100,g,255,Latitude/Longitude Grid,0,1,regular_ll,8,0,12,29,0.029,0,1,0,1,33,sfc,0,0.0,1,0,18,0.018,0,0,1,2460605.0,-0.9104087947937685,,49000,49.0,56002,56.002,,789,100,0,0,0.0,11281,11.281,,33.253,14.319578170776367,93212a4eb986666ac1a5990aad54ca16,f2c34839437a4bdc0c62c00aafc372f8,f669b84d2591cd9f908e43b040b7b229,15c9e4d715a69cb80bef2ee4d97566a9,,172e68f83753e13c92f87165aa40065d,-7.386476516723633,0,9999,10,unknown,unknown,255,0,0,152100,152100,0,,152100,182,0,0.0,0,2,0.0002446174621582031,grid_simple,,,,,0,0,0,33,33,hPa,0,,33,6367470,-7.386476516723633,9.5367431640625e-07,136,0,0,0,0,0,1.0,64,0,0,0,0,0,0,8,28,,760,,,304212,4,0,grid_simple,unknown,unknown,-0.05175728949830991,0,4.657818633956606,0,0,instant,unknown,1,255,0,253,0,0,305012,heightAboveGround,heightAboveGround,1,unknown,unknown,4.76837158203125e-07,1,20241021,2460604.5083333333,1200,,0,2024,24,
19,7777,1,390,390,0,0,0,1,0,0,0,1000,4.223066642906695,-11,255,,0,16,16,0,knmi,"DeBilt, Netherlands",21,unknown,unknown,unknown,0,,0,8,20241021,8,38025,0,1200,21,0,0,0,unknown,,,0,1,0,0,43,152100,g,255,Latitude/Longitude Grid,0,1,regular_ll,8,0,12,29,0.029,0,1,0,1,34,sfc,0,0.0,1,0,18,0.018,0,0,1,2460605.0,-0.42197002695496355,,49000,49.0,56002,56.002,,789,100,0,0,0.0,11281,11.281,,34.253,11.428829193115234,8d8de5b7cb70d1f2001791be33d0188f,9a3d3391b3f0b2f0542965347f9dc6f5,3cea34ded51edbdfdd2d6cff3befb18b,15c9e4d715a69cb80bef2ee4d97566a9,,f8f1c871103035afe8c8933f24139c73,-6.599002838134766,0,9999,10,unknown,unknown,255,0,0,152100,152100,0,,152100,182,0,0.0,0,2,0.0002446174621582031,grid_simple,,,,,0,0,0,34,34,hPa,0,,33,6367470,-6.599002838134766,9.5367431640625e-07,136,0,0,0,0,0,1.0,64,0,0,0,0,0,0,8,28,,760,,,304212,4,0,grid_simple,unknown,unknown,-0.41674798656638135,0,3.317178125370276,0,0,instant,unknown,1,255,0,253,0,0,305012,heightAboveGround,heightAboveGround,1,unknown,unknown,4.76837158203125e-07,1,20241021,2460604.5083333333,1200,,0,2024,24,
20,7777,1,390,390,0,0,0,1,0,0,0,1000,5.765449238663673,-11,255,,0,16,16,0,knmi,"DeBilt, Netherlands",21,unknown,unknown,unknown,0,,0,8,20241021,8,38025,0,1200,21,0,0,0,unknown,,,0,1,0,0,43,152100,g,255,Latitude/Longitude Grid,0,1,regular_ll,8,0,12,29,0.029,0,1,0,1,33,sfc,0,0.0,1,0,18,0.018,0,0,1,2460605.0,-0.8252162583369409,,49000,49.0,56002,56.002,,789,200,0,0,0.0,11281,11.281,,33.253,15.296457290649414,4fade5e98e1351c16812229e2ec61352,4178a14e862a9e2bac93fd10f2084826,8f3a29bcc14d3710ae15a6ecb910051c,15c9e4d715a69cb80bef2ee4d97566a9,,d82802016cc648ebc08ea20c90f8801d,-8.205495834350586,0,9999,10,unknown,unknown,255,0,0,152100,152100,0,,152100,182,0,0.0,0,2,0.0002446174621582031,grid_simple,,,,,0,0,0,33,33,hPa,0,,33,6367470,-8.205495834350586,9.5367431640625e-07,136,0,0,0,0,0,1.0,64,0,0,0,0,0,0,8,28,,760,,,304212,4,0,grid_simple,unknown,unknown,-0.260976765121162,0,4.965078560124025,0,0,instant,unknown,1,255,0,253,0,0,305012,heightAboveGround,heightAboveGround,1,unknown,unknown,9.5367431640625e-07,1,20241021,2460604.5083333333,1200,,0,2024,24,
21,7777,1,390,390,0,0,0,1,0,0,0,1000,4.396033999927729,-11,255,,0,16,16,0,knmi,"DeBilt, Netherlands",21,unknown,unknown,unknown,0,,0,8,20241021,8,38025,0,1200,21,0,0,0,unknown,,,0,1,0,0,43,152100,g,255,Latitude/Longitude Grid,0,1,regular_ll,8,0,12,29,0.029,0,1,0,1,34,sfc,0,0.0,1,0,18,0.018,0,0,1,2460605.0,-0.46039007888514405,,49000,49.0,56002,56.002,,789,200,0,0,0.0,11281,11.281,,34.253,11.552107810974121,1415020ce2c8db38f13d3c240516c506,a0eed6b6ae30e8f216bd0d29d556f2d7,19e3df5194ba5923da0dac6b487ab847,15c9e4d715a69cb80bef2ee4d97566a9,,18463bcd6a9bfedc7832bc8172523946,-6.481095314025879,0,9999,10,unknown,unknown,255,0,0,152100,152100,0,,152100,182,0,0.0,0,2,0.0002446174621582031,grid_simple,,,,,0,0,0,34,34,hPa,0,,33,6367470,-6.481095314025879,9.5367431640625e-07,136,0,0,0,0,0,1.0,64,0,0,0,0,0,0,8,28,,760,,,304212,4,0,grid_simple,unknown,unknown,-0.4959194055180435,0,3.4949691788762873,0,0,instant,unknown,1,255,0,253,0,0,305012,heightAboveGround,heightAboveGround,1,unknown,unknown,4.76837158203125e-07,1,20241021,2460604.5083333333,1200,,0,2024,24,
22,7777,1,390,390,0,0,0,1,0,0,0,1000,6.537608388841818,-11,255,,0,16,16,0,knmi,"DeBilt, Netherlands",21,unknown,unknown,unknown,0,,0,8,20241021,8,38025,0,1200,21,0,0,0,unknown,,,0,1,0,0,43,152100,g,255,Latitude/Longitude Grid,0,1,regular_ll,8,0,12,29,0.029,0,1,0,1,33,sfc,0,0.0,1,0,18,0.018,0,0,1,2460605.0,-0.7828780280863934,,49000,49.0,56002,56.002,,789,300,0,0,0.0,11281,11.281,,33.253,16.17541790008545,412169af6a53499c64c12f319af2f52a,ce4f744f95abed9d2225a9b74cd0fef8,2ffbf8d6d0f774dd81f080f4a12304d7,15c9e4d715a69cb80bef2ee4d97566a9,,1c938a1974fcf8f1d2d0afd371afa6f1,-8.13561725616455,0,9999,10,unknown,unknown,255,0,0,152100,152100,0,,152100,182,0,0.0,0,2,0.0002446174621582031,grid_simple,,,,,0,0,0,33,33,hPa,0,,33,6367470,-8.13561725616455,9.5367431640625e-07,136,0,0,0,0,0,1.0,64,0,0,0,0,0,0,8,28,,760,,,304212,4,0,grid_simple,unknown,unknown,-0.37861786266563,0,5.1802965717993885,0,0,instant,unknown,1,255,0,253,0,0,305012,heightAboveGround,heightAboveGround,1,unknown,unknown,9.5367431640625e-07,1,20241021,2460604.5083333333,1200,,0,2024,24,
23,7777,1,390,390,0,0,0,1,0,0,0,1000,4.308909533222908,-11,255,,0,16,16,0,knmi,"DeBilt, Netherlands",21,unknown,unknown,unknown,0,,0,8,20241021,8,38025,0,1200,21,0,0,0,unknown,,,0,1,0,0,43,152100,g,255,Latitude/Longitude Grid,0,1,regular_ll,8,0,12,29,0.029,0,1,0,1,34,sfc,0,0.0,1,0,18,0.018,0,0,1,2460605.0,-0.5125646674061901,,49000,49.0,56002,56.002,,789,300,0,0,0.0,11281,11.281,,34.253,11.34758472442627,74c3168f6bdd2b9cd81aff910baaa17c,b16763a1e0ec0bb70ce81480039877eb,ce565af1bf6b679273832812d30480a0,15c9e4d715a69cb80bef2ee4d97566a9,,309094d5d0aed35f1ef652e956f720de,-5.8838605880737305,0,9999,10,unknown,unknown,255,0,0,152100,152100,0,,152100,182,0,0.0,0,2,0.0002446174621582031,grid_simple,,,,,0,0,0,34,34,hPa,0,,33,6367470,-5.8838605880737305,9.5367431640625e-07,136,0,0,0,0,0,1.0,64,0,0,0,0,0,0,8,28,,760,,,304212,4,0,grid_simple,unknown,unknown,-0.5615240558761633,0,3.4535365169790597,0,0,instant,unknown,1,255,0,253,0,0,305012,heightAboveGround,heightAboveGround,1,unknown,unknown,4.76837158203125e-07,1,20241021,2460604.5083333333,1200,,0,2024,24,
24,7777,1,390,390,0,0,0,1,0,0,0,1000,287.1321530121271,-12,255,,0,16,16,0,knmi,"DeBilt, Netherlands",21,unknown,unknown,unknown,0,,0,8,20241021,8,38025,0,1200,21,0,0,0,unknown,,,0,1,0,0,43,152100,g,255,Latitude/Longitude Grid,0,1,regular_ll,8,0,12,29,0.029,0,1,0,1,11,sfc,0,0.0,1,0,18,0.018,0,0,1,2460605.0,0.6536816586818857,,49000,49.0,56002,56.002,,789,50,0,0,0.0,11281,11.281,,11.253,293.622802734375,43662158dfb4ce7a8190deb144fd47e1,b16315e82100fae56eaf112508db615d,82e22011ea77394c9cb0106564ff41e9,15c9e4d715a69cb80bef2ee4d97566a9,,b8a90b76f927991970036f3e48c1ffab,282.605224609375,0,9999,10,unknown,unknown,255,0,0,152100,152100,0,,152100,182,0,0.0,0,2,0.000244140625,grid_simple,,,,,0,0,0,11,11,hPa,0,,33,6367470,282.60498046875,0.000244140625,136,0,0,0,0,0,1.0,64,0,0,0,0,0,0,8,28,,760,,,304212,4,0,grid_simple,unknown,unknown,1.107486915125695,0,1.9026509666381988,0,0,instant,unknown,1,255,0,253,0,0,305012,heightAboveGround,heightAboveGround,1,unknown,unknown,3.0517578125e-05,1,20241021,2460604.5083333333,1200,,0,2024,24,
25,7777,1,390,390,0,0,0,1,0,0,0,1000,286.7273760468673,-12,255,,0,16,16,0,knmi,"DeBilt, Netherlands",21,unknown,unknown,unknown,0,,0,8,20241021,8,38025,0,1200,21,0,0,0,unknown,,,0,1,0,0,43,152100,g,255,Latitude/Longitude Grid,0,1,regular_ll,8,0,12,29,0.029,0,1,0,1,11,sfc,0,0.0,1,0,18,0.018,0,0,1,2460605.0,0.640735863494664,,49000,49.0,56002,56.002,,789,100,0,0,0.0,11281,11.281,,11.253,293.144287109375,7fec312af48b76ed12eb06400df3471b,a801d1434090397f01f1c7b8b9f8b38d,14cd4bd16b3e2a3aed9548e4dd970e8f,15c9e4d715a69cb80bef2ee4d97566a9,,c5f6948a236f55f21d595cee2a85cbd3,282.585693359375,0,9999,10,unknown,unknown,255,0,0,152100,152100,0,,152100,182,0,0.0,0,2,0.000244140625,grid_simple,,,,,0,0,0,11,11,hPa,0,,33,6367470,282.585693359375,0.000244140625,136,0,0,0,0,0,1.0,64,0,0,0,0,0,0,8,28,,760,,,304212,4,0,grid_simple,unknown,unknown,1.1169021702326671,0,1.8659098680135293,0,0,instant,unknown,1,255,0,253,0,0,305012,heightAboveGround,heightAboveGround,1,unknown,unknown,3.0517578125e-05,1,20241021,2460604.5083333333,1200,,0,2024,24,
26,7777,1,390,390,0,0,0,1,0,0,0,1000,285.98600796851883,-12,255,,0,16,16,0,knmi,"DeBilt, Netherlands",21,unknown,unknown,unknown,0,,0,8,20241021,8,38025,0,1200,21,0,0,0,unknown,,,0,1,0,0,43,152100,g,255,Latitude/Longitude Grid,0,1,regular_ll,8,0,12,29,0.029,0,1,0,1,11,sfc,0,0.0,1,0,18,0.018,0,0,1,2460605.0,0.6317857683437551,,49000,49.0,56002,56.002,,789,200,0,0,0.0,11281,11.281,,11.253,292.208984375,a5b8b16e5d14fa00166a251ba4e508e6,d98d55323c56809680c321c043c5a581,39c3ef3d7f12b376f07362042f695fd8,15c9e4d715a69cb80bef2ee4d97566a9,,281e445c07455f967a800bd591336e0c,282.708251953125,0,9999,10,unknown,unknown,255,0,0,152100,152100,0,,152100,182,0,0.0,0,2,0.000244140625,grid_simple,,,,,0,0,0,11,11,hPa,0,,33,6367470,282.708251953125,0.000244140625,136,0,0,0,0,0,1.0,64,0,0,0,0,0,0,8,28,,760,,,304212,4,0,grid_simple,unknown,unknown,1.1535265492838869,0,1.8039036723633528,0,0,instant,unknown,1,255,0,253,0,0,305012,heightAboveGround,heightAboveGround,1,unknown,unknown,3.0517578125e-05,1,20241021,2460604.5083333333,1200,,0,2024,24,
27,7777,1,390,390,0,0,0,1,0,0,0,1000,285.31133807200496,-12,255,,0,16,16,0,knmi,"DeBilt, Netherlands",21,unknown,unknown,unknown,0,,0,8,20241021,8,38025,0,1200,21,0,0,0,unknown,,,0,1,0,0,43,152100,g,255,Latitude/Longitude Grid,0,1,regular_ll,8,0,12,29,0.029,0,1,0,1,11,sfc,0,0.0,1,0,18,0.018,0,0,1,2460605.0,0.49155325481710976,,49000,49.0,56002,56.002,,789,300,0,0,0.0,11281,11.281,,11.253,291.271240234375,01f4f3698a33dca172df0bca69558572,4440804dec3733722499f18138f122d5,6b9a03e99d040e60b21ac6a088c6f6ca,15c9e4d715a69cb80bef2ee4d97566a9,,dc8932554edb055aeba408ec5790280c,282.288818359375,0,9999,10,unknown,unknown,255,0,0,152100,152100,0,,152100,182,0,0.0,0,2,0.000244140625,grid_simple,,,,,0,0,0,11,11,hPa,0,,33,6367470,282.28857421875,0.000244140625,136,0,0,0,0,0,1.0,64,0,0,0,0,0,0,8,28,,760,,,304212,4,0,grid_simple,unknown,unknown,1.142539515469236,0,1.79068698256968,0,0,instant,unknown,1,255,0,253,0,0,305012,heightAboveGround,heightAboveGround,1,unknown,unknown,3.0517578125e-05,1,20241021,2460604.5083333333,1200,,0,2024,24,
28,7777,1,390,390,0,0,0,1,0,0,0,1000,0.0,-13,255,,0,0,0,0,knmi,"DeBilt, Netherlands",21,unknown,unknown,unknown,0,,0,8,20241021,8,0,0,1200,21,0,0,0,unknown,,,0,1,0,0,43,152100,g,255,Latitude/Longitude Grid,0,1,regular_ll,8,0,12,29,0.029,0,1,0,1,111,sfc,0,1.0,1,0,18,0.018,0,0,1,2460605.0,0.0,,49000,49.0,56002,56.002,,789,0,0,0,0.0,11281,11.281,,111.253,0.0,f254817de859046360cce8fe616f0c21,22a4284256349ac3c3431f217a98d836,9513b9e8a21905533bb3ffdcde5a49d5,15c9e4d715a69cb80bef2ee4d97566a9,,71c98a80b33db67dc6f73e782056f110,0.0,0,9999,10,unknown,unknown,255,0,0,152100,152100,0,,152100,182,0,0.0,0,2,5.397605346934028e-79,grid_simple,,,,,0,0,0,111,111,hPa,0,,33,6367470,0.0,5.397605346934028e-79,136,0,0,0,0,0,1.0,64,0,0,0,0,0,0,8,28,,760,,,12,4,0,grid_simple,unknown,unknown,0.0,0,0.0,0,0,accum,unknown,1,255,0,253,0,4,812,heightAboveGround,heightAboveGround,1,unknown,unknown,1.1754943508222875e-38,1,20241021,2460604.5083333333,1200,,0,2024,24,
29,7777,1,390,390,0,0,0,1,0,0,0,1000,0.0,-13,255,,0,0,0,0,knmi,"DeBilt, Netherlands",21,unknown,unknown,unknown,0,,0,8,20241021,8,0,0,1200,21,0,0,0,unknown,,,0,1,0,0,43,152100,g,255,Latitude/Longitude Grid,0,1,regular_ll,8,0,12,29,0.029,0,1,0,1,112,sfc,0,1.0,1,0,18,0.018,0,0,1,2460605.0,0.0,,49000,49.0,56002,56.002,,789,0,0,0,0.0,11281,11.281,,112.253,0.0,d4c699926d420d7331ac4cb57dfb7a0e,cd89eef28143722e3f7b5d91fdcc5117,4bada3ce194b376a49858cf78b99d3ef,15c9e4d715a69cb80bef2ee4d97566a9,,71c98a80b33db67dc6f73e782056f110,0.0,0,9999,10,unknown,unknown,255,0,0,152100,152100,0,,152100,182,0,0.0,0,2,5.397605346934028e-79,grid_simple,,,,,0,0,0,112,112,hPa,0,,33,6367470,0.0,5.397605346934028e-79,136,0,0,0,0,0,1.0,64,0,0,0,0,0,0,8,28,,760,,,12,4,0,grid_simple,unknown,unknown,0.0,0,0.0,0,0,accum,unknown,1,255,0,253,0,4,812,heightAboveGround,heightAboveGround,1,unknown,unknown,1.1754943508222875e-38,1,20241021,2460604.5083333333,1200,,0,2024,24,
30,7777,1,390,390,0,0,0,1,0,0,0,1000,0.0,-12,255,,0,0,0,0,knmi,"DeBilt, Netherlands",21,unknown,unknown,unknown,0,,0,8,20241021,8,0,0,1200,21,0,0,0,unknown,,,0,1,0,0,43,152100,g,255,Latitude/Longitude Grid,0,1,regular_ll,8,0,12,29,0.029,0,1,0,1,181,sfc,0,1.0,1,0,18,0.018,0,0,1,2460605.0,0.0,,49000,49.0,56002,56.002,,789,0,0,0,0.0,11281,11.281,,181.253,0.0,2e0a9a1a434515f283211b2adfa19311,28ef1f98b7d01c92199fad159a4b9d65,3c39d7d3ad8903cfbf300d803a4c9480,15c9e4d715a69cb80bef2ee4d97566a9,,3b8387cde0dcf0d7d3426e63c64978b3,0.0,0,9999,10,unknown,unknown,255,0,0,152100,152100,0,,152100,182,0,0.0,0,2,5.397605346934028e-79,grid_simple,,,,,0,0,0,181,181,hPa,0,,33,6367470,0.0,5.397605346934028e-79,136,0,0,0,0,0,1.0,64,0,0,0,0,0,0,8,28,,760,,,12,4,0,grid_simple,unknown,unknown,0.0,0,0.0,0,0,accum,unknown,1,255,0,253,0,4,812,heightAboveGround,heightAboveGround,1,unknown,unknown,1.1754943508222875e-38,1,20241021,2460604.5083333333,1200,,0,2024,24,
31,7777,1,390,390,0,0,0,1,0,0,0,1000,0.0,-12,255,,0,0,0,0,knmi,"DeBilt, Netherlands",21,unknown,unknown,unknown,0,,0,8,20241021,8,0,0,1200,21,0,0,0,unknown,,,0,1,0,0,43,152100,g,255,Latitude/Longitude Grid,0,1,regular_ll,8,0,12,29,0.029,0,1,0,1,184,sfc,0,1.0,1,0,18,0.018,0,0,1,2460605.0,0.0,,49000,49.0,56002,56.002,,789,0,0,0,0.0,11281,11.281,,184.253,0.0,86ff488d984cc68f17804d0ba35a2a3e,a8ac35cfbace5309e136e0c0a235ac89,6197c8dd8c13e20a5a0d6e79147b7cca,15c9e4d715a69cb80bef2ee4d97566a9,,3b8387cde0dcf0d7d3426e63c64978b3,0.0,0,9999,10,unknown,unknown,255,0,0,152100,152100,0,,152100,182,0,0.0,0,2,5.397605346934028e-79,grid_simple,,,,,0,0,0,184,184,hPa,0,,33,6367470,0.0,5.397605346934028e-79,136,0,0,0,0,0,1.0,64,0,0,0,0,0,0,8,28,,760,,,12,4,0,grid_simple,unknown,unknown,0.0,0,0.0,0,0,accum,unknown,1,255,0,253,0,4,812,heightAboveGround,heightAboveGround,1,unknown,unknown,1.1754943508222875e-38,1,20241021,2460604.5083333333,1200,,0,2024,24,
32,7777,1,390,390,0,0,0,1,0,0,0,1000,0.0,-22,255,,0,0,0,0,knmi,"DeBilt, Netherlands",21,unknown,unknown,unknown,0,,0,8,20241021,8,0,0,1200,21,0,0,0,unknown,,,0,1,0,0,43,152100,g,255,Latitude/Longitude Grid,0,1,regular_ll,8,0,12,29,0.029,0,1,0,1,201,sfc,0,1.0,1,0,18,0.018,0,0,1,2460605.0,0.0,,49000,49.0,56002,56.002,,789,0,0,0,0.0,11281,11.281,,201.253,0.0,3fefd3dcdaa21e35f0c05c1c8f54cc48,593921c8394a66c02e661ae0ddb9ca1e,d22f485e983a3f7b78d92e4ed41a6b18,15c9e4d715a69cb80bef2ee4d97566a9,,b188d356767f966759b796d5fe7adf8c,0.0,0,9999,10,unknown,unknown,255,0,0,152100,152100,0,,152100,182,0,0.0,0,2,5.397605346934028e-79,grid_simple,,,,,0,0,0,201,201,hPa,0,,33,6367470,0.0,5.397605346934028e-79,136,0,0,0,0,0,1.0,64,0,0,0,0,0,0,8,28,,760,,,12,4,0,grid_simple,unknown,unknown,0.0,0,0.0,0,0,accum,unknown,1,255,0,253,0,4,812,heightAboveGround,heightAboveGround,1,unknown,unknown,1.1754943508222875e-38,1,20241021,2460604.5083333333,1200,,0,2024,24,
33,7777,1,390,390,0,0,0,1,0,0,0,1000,287.6353697390183,-12,255,,0,16,16,0,knmi,"DeBilt, Netherlands",21,unknown,unknown,unknown,0,,0,8,20241021,8,38025,0,1200,21,0,0,0,unknown,,,0,1,0,0,43,152100,g,255,Latitude/Longitude Grid,0,1,regular_ll,8,0,12,29,0.029,0,1,0,1,11,sfc,0,0.0,1,0,18,0.018,0,0,1,2460605.0,0.8574251785847236,,49000,49.0,56002,56.002,,789,2,0,0,0.0,11281,11.281,,11.253,295.83251953125,f427bf62d3c2c2346ee8b42ecd279399,4cf6fc035711c30ff94d6cddd97e4816,92135549813d627d2b9962006e3cf988,15c9e4d715a69cb80bef2ee4d97566a9,,18bf63072ba422f36072558bb83b0553,282.976318359375,0,9999,10,unknown,unknown,255,0,0,152100,152100,0,,152100,182,0,0.0,0,2,0.000244140625,grid_simple,,,,,0,0,0,11,11,hPa,0,,33,6367470,282.976318359375,0.000244140625,136,0,0,0,0,0,1.0,64,0,0,0,0,0,0,8,28,,760,,,304212,4,0,grid_simple,unknown,unknown,1.246278163282603,0,2.097885074478171,0,0,instant,unknown,1,255,0,253,0,0,305012,heightAboveGround,heightAboveGround,1,unknown,unknown,3.0517578125e-05,1,20241021,2460604.5083333333,1200,,0,2024,24,
34,7777,1,390,390,0,0,0,1,0,0,0,1000,0.8351220424938641,-16,255,,0,16,16,0,knmi,"DeBilt, Netherlands",21,unknown,unknown,unknown,0,,0,8,20241021,8,38025,0,1200,21,0,0,0,unknown,,,0,1,0,0,43,152100,g,255,Latitude/Longitude Grid,0,1,regular_ll,8,0,12,29,0.029,0,1,0,1,52,sfc,0,0.0,1,0,18,0.018,0,0,1,2460605.0,0.31000533443952305,,49000,49.0,56002,56.002,,789,2,0,0,0.0,11281,11.281,,52.253,1.0000002980232239,3d2996b00026aa7eaea392fe3b5903a9,8c4590c7e36ccce0bb37ba68b94ac076,81e67f0136ea39b303da98a51ac35a24,15c9e4d715a69cb80bef2ee4d97566a9,,86750b1bac83361206c9f4925cc41e8e,0.4333804249763489,0,9999,10,unknown,unknown,255,0,0,152100,152100,0,,152100,182,0,0.0,0,2,7.659196853637695e-06,grid_simple,,,,,0,0,0,52,52,hPa,0,,33,6367470,0.4333804249763489,5.960464477539063e-08,136,0,0,0,0,0,1.0,64,0,0,0,0,0,0,8,28,,760,,,304212,4,0,grid_simple,unknown,unknown,-0.44296033225157905,0,0.08191096649353488,0,0,instant,unknown,1,255,0,253,0,0,305012,heightAboveGround,heightAboveGround,1,unknown,unknown,2.9802322387695312e-08,1,20241021,2460604.5083333333,1200,,0,2024,24,
35,7777,1,390,390,0,0,0,1,0,0,0,1000,3.5409727909406654,-12,255,,0,16,16,0,knmi,"DeBilt, Netherlands",21,unknown,unknown,unknown,0,,0,8,20241021,8,38025,0,1200,21,0,0,0,unknown,,,0,1,0,0,43,152100,g,255,Latitude/Longitude Grid,0,1,regular_ll,8,0,12,29,0.029,0,1,0,1,33,sfc,0,0.0,1,0,18,0.018,0,0,1,2460605.0,-0.9649768243409085,,49000,49.0,56002,56.002,,789,10,0,0,0.0,11281,11.281,,33.253,11.957080841064453,71b14b89b96c49cd6e4ae6349f4fde45,2dc144b14dae4ce3e3b8787cebfad6e4,361e60fb84eecbbfe50cb416a1262ebc,15c9e4d715a69cb80bef2ee4d97566a9,,54f1b75b60f1be0a10829e3edfe17a46,-3.856151580810547,0,9999,10,unknown,unknown,255,0,0,152100,152100,0,,152100,182,0,0.0,0,2,0.00012254714965820312,grid_simple,,,,,0,0,0,33,33,hPa,0,,33,6367470,-3.856151580810547,9.5367431640625e-07,136,0,0,0,0,0,1.0,64,0,0,0,0,0,0,8,28,,760,,,304212,4,0,grid_simple,unknown,unknown,0.4231290533396326,0,3.806648422799891,0,0,instant,unknown,1,255,0,253,0,0,305012,heightAboveGround,heightAboveGround,1,unknown,unknown,2.384185791015625e-07,1,20241021,2460604.5083333333,1200,,0,2024,24,
36,7777,1,390,390,0,0,0,1,0,0,0,1000,3.318979301778679,-12,255,,0,16,16,0,knmi,"DeBilt, Netherlands",21,unknown,unknown,unknown,0,,0,8,20241021,8,38025,0,1200,21,0,0,0,unknown,,,0,1,0,0,43,152100,g,255,Latitude/Longitude Grid,0,1,regular_ll,8,0,12,29,0.029,0,1,0,1,34,sfc,0,0.0,1,0,18,0.018,0,0,1,2460605.0,-0.8058635616700789,,49000,49.0,56002,56.002,,789,10,0,0,0.0,11281,11.281,,34.253,9.884788513183594,2ae8c33906bcd95d7ec3bf46db8af38b,9dfe9a879c851ffb3353c11e99fc520a,ae27ebd41df1de1255d71cc3538c0228,15c9e4d715a69cb80bef2ee4d97566a9,,b1f8bbbecb3349745b95e8e084aa69ed,-4.770240783691406,0,9999,10,unknown,unknown,255,0,0,152100,152100,0,,152100,182,0,0.0,0,2,0.00012254714965820312,grid_simple,,,,,0,0,0,34,34,hPa,0,,33,6367470,-4.770240783691406,9.5367431640625e-07,136,0,0,0,0,0,1.0,64,0,0,0,0,0,0,8,28,,760,,,304212,4,0,grid_simple,unknown,unknown,0.021581603938566993,0,2.815343996010594,0,0,instant,unknown,1,255,0,253,0,0,305012,heightAboveGround,heightAboveGround,1,unknown,unknown,4.76837158203125e-07,1,20241021,2460604.5083333333,1200,,0,2024,24,
37,7777,1,390,390,0,0,0,1,0,0,0,1000,4.813147835615511,-11,255,,0,16,16,0,knmi,"DeBilt, Netherlands",21,unknown,unknown,unknown,0,,0,8,20241021,8,38025,0,1200,21,0,0,0,unknown,,,0,1,0,0,43,152100,g,255,Latitude/Longitude Grid,0,1,regular_ll,8,0,12,29,0.029,0,1,0,1,162,sfc,0,0.0,1,0,18,0.018,0,0,1,2460605.0,-0.9542804734603507,,49000,49.0,56002,56.002,,789,10,0,0,0.0,11281,11.281,,162.253,15.115699768066406,559d7479b6756222c01996735067a8a9,6ab62c1903963773a78af55530fd6683,df20a06c6fc38875633b11dabc58f721,15c9e4d715a69cb80bef2ee4d97566a9,,ad445eaec4b66c512a8f5f55c42e99ce,-6.609886169433594,0,9999,10,unknown,unknown,255,0,0,152100,152100,0,,152100,182,0,0.0,0,2,0.0002446174621582031,grid_simple,,,,,0,0,0,162,162,hPa,0,,33,6367470,-6.609886169433594,9.5367431640625e-07,136,0,0,0,0,0,1.0,64,0,0,0,0,0,0,8,28,,760,,,304212,4,0,grid_simple,unknown,unknown,0.044672905625810944,0,4.948276535765265,0,0,accum,unknown,1,255,0,253,0,2,305012,heightAboveGround,heightAboveGround,1,unknown,unknown,4.76837158203125e-07,1,20241021,2460604.5083333333,1200,,0,2024,24,
38,7777,1,390,390,0,0,0,1,0,0,0,1000,4.768162435572998,-11,255,,0,16,16,0,knmi,"DeBilt, Netherlands",21,unknown,unknown,unknown,0,,0,8,20241021,8,38025,0,1200,21,0,0,0,unknown,,,0,1,0,0,43,152100,g,255,Latitude/Longitude Grid,0,1,regular_ll,8,0,12,29,0.029,0,1,0,1,163,sfc,0,0.0,1,0,18,0.018,0,0,1,2460605.0,-0.07478958308395667,,49000,49.0,56002,56.002,,789,10,0,0,0.0,11281,11.281,,163.253,12.69922161102295,0799275744462ea83a3be624733aedb2,81f6a25433246dd4f5bebf48b940693f,6a92f72ea2a4145b9197bb126ccf690f,15c9e4d715a69cb80bef2ee4d97566a9,,0cca6af4bd92384b7143e2f73e6962df,-8.67529010772705,0,9999,10,unknown,unknown,255,0,0,152100,152100,0,,152100,182,0,0.0,0,2,0.0002446174621582031,grid_simple,,,,,0,0,0,163,163,hPa,0,,33,6367470,-8.67529010772705,9.5367431640625e-07,136,0,0,0,0,0,1.0,64,0,0,0,0,0,0,8,28,,760,,,304212,4,0,grid_simple,unknown,unknown,-0.6394975751250768,0,3.5789098292142745,0,0,accum,unknown,1,255,0,253,0,2,305012,heightAboveGround,heightAboveGround,1,unknown,unknown,9.5367431640625e-07,1,20241021,2460604.5083333333,1200,,0,2024,24,
39,7777,1,390,390,0,0,0,1,0,0,0,1000,0.5804339860619748,-16,255,,0,16,16,0,knmi,"DeBilt, Netherlands",21,unknown,unknown,unknown,0,,0,8,20241021,8,38025,0,1200,21,0,0,0,unknown,,,0,1,0,0,43,152100,g,255,Latitude/Longitude Grid,0,1,regular_ll,8,0,12,29,0.029,0,1,0,1,75,sfc,0,0.0,1,0,18,0.018,0,0,1,2460605.0,-1.8135340929915704,,49000,49.0,56002,56.002,,789,0,0,0,0.0,11281,11.281,,75.253,1.0000000002182787,52c86d62cfa2bbfc690021c93d0dbd96,dab95dbc77058ba2a889611352d649cd,ee13109e52db9ff051442d9557fa55c4,15c9e4d715a69cb80bef2ee4d97566a9,,9a55c3e10b80dd7ca2125d5fa4a4a166,0.00018310568702872843,0,9999,10,unknown,unknown,255,0,0,152100,152100,0,,152100,182,0,0.0,0,2,7.629401807207614e-06,grid_simple,,,,,0,0,0,75,75,hPa,0,,33,6367470,0.00018310568702872843,1.4551915228366852e-11,136,0,0,0,0,0,1.0,64,0,0,0,0,0,0,8,28,,760,,,304212,4,0,grid_simple,unknown,unknown,-0.3278454813098095,0,0.46659171304278807,0,0,instant,unknown,1,255,0,253,0,0,305012,heightAboveGround,heightAboveGround,1,unknown,unknown,1.4551915228366852e-11,1,20241021,2460604.5083333333,1200,,0,2024,24,
40,7777,1,390,390,0,0,0,1,0,0,0,1000,0.6074634747447741,-16,255,,0,16,16,0,knmi,"DeBilt, Netherlands",21,unknown,unknown,unknown,0,,0,8,20241021,8,38025,0,1200,21,0,0,0,unknown,,,0,1,0,0,43,152100,g,255,Latitude/Longitude Grid,0,1,regular_ll,8,0,12,29,0.029,0,1,0,1,74,sfc,0,0.0,1,0,18,0.018,0,0,1,2460605.0,-1.631695741015793,,49000,49.0,56002,56.002,,789,0,0,0,0.0,11281,11.281,,74.253,1.0000000002328306,ff458fcb1627293b280fb68be8c6ccfa,994c88d20a15f4dcd9956499ae6e80f0,018b5eb3cd1bb6fa94e62613375c2995,15c9e4d715a69cb80bef2ee4d97566a9,,a2d9e8da67f93f648a6fb02618b5d37c,1.5259021893143654e-05,0,9999,10,unknown,unknown,255,0,0,152100,152100,0,,152100,182,0,0.0,0,2,7.629401807207614e-06,grid_simple,,,,,0,0,0,74,74,hPa,0,,33,6367470,1.5259021893143654e-05,1.4551915228366852e-11,136,0,0,0,0,0,1.0,64,0,0,0,0,0,0,8,28,,760,,,304212,4,0,grid_simple,unknown,unknown,-0.4341228265489221,0,0.4386131670555982,0,0,instant,unknown,1,255,0,253,0,0,305012,heightAboveGround,heightAboveGround,1,unknown,unknown,1.8189894035458565e-12,1,20241021,2460604.5083333333,1200,,0,2024,24,
41,7777,1,390,390,0,0,0,1,0,0,0,1000,0.3845832534420581,-16,255,,0,16,16,0,knmi,"DeBilt, Netherlands",21,unknown,unknown,unknown,0,,0,8,20241021,8,38025,0,1200,21,0,0,0,unknown,,,0,1,0,0,43,152100,g,255,Latitude/Longitude Grid,0,1,regular_ll,8,0,12,29,0.029,0,1,0,1,73,sfc,0,0.0,1,0,18,0.018,0,0,1,2460605.0,-1.6628356581571067,,49000,49.0,56002,56.002,,789,0,0,0,0.0,11281,11.281,,73.253,1.0000000004656613,fb4d776c7e5a38b56b268833ed663310,d4a4bcfa0b6770454fbeea581278043e,c8a1f80e7f2c0b3205e2a2faef701e91,15c9e4d715a69cb80bef2ee4d97566a9,,e9fb7aa7029ae43cfe6b560ed5ad0127,3.051804378628731e-05,0,9999,10,unknown,unknown,255,0,0,152100,152100,0,,152100,182,0,0.0,0,2,7.629401807207614e-06,grid_simple,,,,,0,0,0,73,73,hPa,0,,33,6367470,3.051804378628731e-05,1.4551915228366852e-11,136,0,0,0,0,0,1.0,64,0,0,0,0,0,0,8,28,,760,,,304212,4,0,grid_simple,unknown,unknown,0.511996656071467,0,0.45943975990971253,0,0,instant,unknown,1,255,0,253,0,0,305012,heightAboveGround,heightAboveGround,1,unknown,unknown,3.637978807091713e-12,1,20241021,2460604.5083333333,1200,,0,2024,24,
42,7777,1,390,390,0,0,0,1,0,0,0,1000,0.8888989257538369,-16,255,,0,16,16,0,knmi,"DeBilt, Netherlands",21,unknown,unknown,unknown,0,,0,8,20241021,8,38025,0,1200,21,0,0,0,unknown,,,0,1,0,0,43,152100,g,255,Latitude/Longitude Grid,0,1,regular_ll,8,0,12,29,0.029,0,1,0,1,71,sfc,0,0.0,1,0,18,0.018,0,0,1,2460605.0,4.270724753240073,,49000,49.0,56002,56.002,,789,0,0,0,0.0,11281,11.281,,71.253,0.9999999802093953,21bee1720a4e7f81b609787679673024,f4d116c6053584c612498859f929d07b,f2f261e6f444dd1eac08fc3f573bf2cc,15c9e4d715a69cb80bef2ee4d97566a9,,0aa92e64e3498a788a88eae3d5037ca2,0.0003661911468952894,0,9999,10,unknown,unknown,255,0,0,152100,152100,0,,152100,182,0,0.0,0,2,7.629510946571827e-06,grid_simple,,,,,0,0,0,71,71,hPa,0,,33,6367470,0.0003661911468952894,2.3283064365386963e-10,136,0,0,0,0,0,1.0,64,0,0,0,0,0,0,8,28,,760,,,304212,4,0,grid_simple,unknown,unknown,-2.454591341755008,0,0.29291095606341416,0,0,instant,unknown,1,255,0,253,0,0,305012,heightAboveGround,heightAboveGround,1,unknown,unknown,2.9103830456733704e-11,1,20241021,2460604.5083333333,1200,,0,2024,24,
43,7777,1,390,390,0,0,0,1,0,0,0,1000,600.454080035268,-4,255,,0,16,16,0,knmi,"DeBilt, Netherlands",21,unknown,unknown,unknown,0,,0,8,20241021,8,38025,0,1200,21,0,0,0,unknown,,,0,1,0,0,43,152100,g,255,Latitude/Longitude Grid,0,1,regular_ll,8,0,12,29,0.029,0,1,0,1,67,sfc,0,0.0,1,0,18,0.018,0,0,1,2460605.0,2.155377441857163,,49000,49.0,56002,56.002,,789,0,0,0,0.0,11281,11.281,,67.253,2919.119659423828,2b575f622c6dd314130073045486a650,ac4081614684d68ff245012ea32ea279,9aa99646cacd7c645af08854ea96ca9f,15c9e4d715a69cb80bef2ee4d97566a9,,f36b5a41be3591b401d8758d528deb32,9.994659423828125,0,9999,10,unknown,unknown,255,0,0,152100,152100,0,,152100,182,0,0.0,0,2,0.0312504768371582,grid_simple,,,,,0,0,0,67,67,hPa,0,,33,6367470,9.994659423828125,9.5367431640625e-07,136,0,0,0,0,0,1.0,64,0,0,0,0,0,0,8,28,,760,,,304212,4,0,grid_simple,unknown,unknown,1.099546490639161,0,347.8125308694155,0,0,instant,unknown,1,255,0,253,0,0,305012,heightAboveGround,heightAboveGround,1,unknown,unknown,9.5367431640625e-07,1,20241021,2460604.5083333333,1200,,0,2024,24,
44,7777,1,390,390,0,0,0,1,0,0,0,1000,2.4452625647099062e-05,-24,255,,0,16,16,0,knmi,"DeBilt, Netherlands",21,unknown,unknown,unknown,0,,0,8,20241021,8,38025,0,1200,21,0,0,0,unknown,,,0,1,0,0,43,152100,g,255,Latitude/Longitude Grid,0,1,regular_ll,8,0,12,29,0.029,0,1,0,1,181,sfc,0,0.0,1,0,18,0.018,0,0,1,2460605.0,82.8417585473775,,49000,49.0,56002,56.002,,789,0,0,0,0.0,11281,11.281,,181.253,0.0022628307342529297,3e57de3f26fa49cce301350a1ba26849,bad235514ecba1b1565683b2a2a7a833,662e510e9b3245698ce603d0715f26e7,15c9e4d715a69cb80bef2ee4d97566a9,,ddd831a39c8759a99f4ee960ae2a93f9,0.0,0,9999,10,unknown,unknown,255,0,0,152100,152100,0,,152100,182,0,0.0,0,2,2.9802322387695312e-08,grid_simple,,,,,0,0,0,181,181,hPa,0,,33,6367470,0.0,5.397605346934028e-79,136,0,0,0,0,0,1.0,64,0,0,0,0,0,0,8,28,,760,,,304212,4,0,grid_simple,unknown,unknown,7.715214712701452,0,9.526347005767914e-05,0,0,instant,unknown,1,255,0,253,0,0,305012,heightAboveGround,heightAboveGround,1,unknown,unknown,1.1754943508222875e-38,1,20241021,2460604.5083333333,1200,,0,2024,24,
45,7777,1,390,390,0,0,0,1,0,0,0,1000,0.0,-24,255,,0,0,0,0,knmi,"DeBilt, Netherlands",21,unknown,unknown,unknown,0,,0,8,20241021,8,0,0,1200,21,0,0,0,unknown,,,0,1,0,0,43,152100,g,255,Latitude/Longitude Grid,0,1,regular_ll,8,0,12,29,0.029,0,1,0,1,184,sfc,0,1.0,1,0,18,0.018,0,0,1,2460605.0,0.0,,49000,49.0,56002,56.002,,789,0,0,0,0.0,11281,11.281,,184.253,0.0,8812e6587e34d735abb0e966006a2ab6,485fc803d1673d70464877cb6c3def52,a64e9b1939b2fb41ff3cf6bd78c7fbfb,15c9e4d715a69cb80bef2ee4d97566a9,,eaa8710854b6e603ba134cd22b6d2ccc,0.0,0,9999,10,unknown,unknown,255,0,0,152100,152100,0,,152100,182,0,0.0,0,2,5.397605346934028e-79,grid_simple,,,,,0,0,0,184,184,hPa,0,,33,6367470,0.0,5.397605346934028e-79,136,0,0,0,0,0,1.0,64,0,0,0,0,0,0,8,28,,760,,,12,4,0,grid_simple,unknown,unknown,0.0,0,0.0,0,0,instant,unknown,1,255,0,253,0,0,812,heightAboveGround,heightAboveGround,1,unknown,unknown,1.1754943508222875e-38,1,20241021,2460604.5083333333,1200,,0,2024,24,
46,7777,1,390,390,0,0,0,1,0,0,0,1000,0.0,-24,255,,0,0,0,0,knmi,"DeBilt, Netherlands",21,unknown,unknown,unknown,0,,0,8,20241021,8,0,0,1200,21,0,0,0,unknown,,,0,1,0,0,43,152100,g,255,Latitude/Longitude Grid,0,1,regular_ll,8,0,12,29,0.029,0,1,0,1,201,sfc,0,1.0,1,0,18,0.018,0,0,1,2460605.0,0.0,,49000,49.0,56002,56.002,,789,0,0,0,0.0,11281,11.281,,201.253,0.0,cde99e1386038aad1025f8b734033161,f96836ef4fc73ff6e97a467e080f6559,70c684059d69abd5b2791b42814cc289,15c9e4d715a69cb80bef2ee4d97566a9,,eaa8710854b6e603ba134cd22b6d2ccc,0.0,0,9999,10,unknown,unknown,255,0,0,152100,152100,0,,152100,182,0,0.0,0,2,5.397605346934028e-79,grid_simple,,,,,0,0,0,201,201,hPa,0,,33,6367470,0.0,5.397605346934028e-79,136,0,0,0,0,0,1.0,64,0,0,0,0,0,0,8,28,,760,,,12,4,0,grid_simple,unknown,unknown,0.0,0,0.0,0,0,instant,unknown,1,255,0,253,0,0,812,heightAboveGround,heightAboveGround,1,unknown,unknown,1.1754943508222875e-38,1,20241021,2460604.5083333333,1200,,0,2024,24,
47,7777,1,390,390,0,0,0,1,0,0,0,1000,102186.38819321171,-5,255,,0,16,16,0,knmi,"DeBilt, Netherlands",21,unknown,unknown,unknown,0,,0,8,20241021,8,38025,0,1200,21,0,0,0,unknown,,,0,1,0,0,43,152100,g,255,Latitude/Longitude Grid,0,1,regular_ll,8,0,12,29,0.029,0,1,0,1,1,103,0,0.0,1,0,18,0.018,0,0,1,2460605.0,-0.29198405547102224,,49000,49.0,56002,56.002,,789,0,0,0,0.0,11281,11.281,,1.253,102745.25,7815c4e0a00ace4ffb7a81366d335420,85300811d9725afdec3674dbb2f6bd99,fb234909e7bbedcbb6004b480ebfae26,15c9e4d715a69cb80bef2ee4d97566a9,,a228bb388b7782e0fb8e1b3ab3e99a4c,101287.65625,0,9999,10,unknown,unknown,255,0,0,152100,152100,0,,152100,182,0,0.0,0,2,0.046875,grid_simple,,,,,0,0,0,1,1,hPa,0,,33,6367470,101287.625,0.0625,136,0,0,0,0,0,1.0,64,0,0,0,0,0,0,8,28,,760,,,304212,4,0,grid_simple,unknown,unknown,-0.7297060590638944,0,289.63306456400915,0,0,instant,unknown,1,255,0,253,0,0,305012,heightAboveSea,heightAboveSea,1,unknown,unknown,0.0078125,1,20241021,2460604.5083333333,1200,,0,2024,24,
48,7777,1,390,390,0,0,0,1,0,0,0,1000,101171.74097304406,-2,255,,0,16,16,0,knmi,"DeBilt, Netherlands",21,unknown,unknown,unknown,0,,0,8,20241021,8,38025,0,1200,21,0,0,0,unknown,,,0,1,0,0,43,152100,g,255,Latitude/Longitude Grid,0,1,regular_ll,8,0,12,29,0.029,0,1,0,1,1,sfc,0,0.0,1,0,18,0.018,0,0,1,2460605.0,3.0525424947805355,,49000,49.0,56002,56.002,,789,0,0,0,0.0,11281,11.281,,1.253,102762.375,2ccb3bf2c937c507c0075b472c1d8e2a,bc5cd3444556808c5c3f3d6f05df01dc,08fa279c0183084bbe2099f67083c3f9,15c9e4d715a69cb80bef2ee4d97566a9,,365a6bf61bf862cf0615e73fb0051626,91985.125,0,9999,10,unknown,unknown,255,0,0,152100,152100,0,,152100,182,0,0.0,0,2,0.15625,grid_simple,,,,,0,0,0,1,1,hPa,0,,33,6367470,91985.125,0.0625,136,0,0,0,0,0,1.0,64,0,0,0,0,0,0,8,28,,760,,,304212,4,0,grid_simple,unknown,unknown,-1.8744233184359993,0,1461.5753311831909,0,0,instant,unknown,1,255,0,253,0,0,305012,heightAboveGround,heightAboveGround,1,unknown,unknown,0.0078125,1,20241021,2460604.5083333333,1200,,0,2024,24,
49,7777,1,390,390,0,0,0,1,0,0,0,1000,0.5797567389875082,-15,255,,0,16,16,0,knmi,"DeBilt, Netherlands",21,unknown,unknown,unknown,0,,0,8,20241021,8,38025,0,1200,21,0,0,0,unknown,,,0,1,0,0,43,152100,g,255,Latitude/Longitude Grid,0,1,regular_ll,8,0,12,29,0.029,0,1,0,1,81,sfc,0,0.0,1,0,18,0.018,0,0,1,2460605.0,-1.895564486779913,,49000,49.0,56002,56.002,,789,0,0,0,0.0,11281,11.281,,81.253,1.0,567387878cc2af413ddd0bfaefe530ca,a5886350fefe445555f4e4da15056ed0,d2b7d5c60421ae246e161723fef28a4d,15c9e4d715a69cb80bef2ee4d97566a9,,6535b7091d89d7efed3283123fe7e36b,0.0,0,9999,10,unknown,unknown,255,0,0,152100,152100,0,,152100,182,0,0.0,0,2,1.52587890625e-05,grid_simple,,,,,0,0,0,81,81,hPa,0,,33,6367470,0.0,5.397605346934028e-79,136,0,0,0,0,0,1.0,64,0,0,0,0,0,0,8,28,,760,,,304212,4,0,grid_simple,unknown,unknown,-0.32316483909054056,0,0.49359787538692884,0,0,instant,unknown,1,255,0,253,0,0,305012,heightAboveGround,heightAboveGround,1,unknown,unknown,1.1754943508222875e-38,1,20241021,2460604.5083333333,1200,,0,2024,24,
50,7777,1,390,390,0,0,0,1,0,0,0,1000,0.0,-25,0,???,1,0,0,0,knmi,"DeBilt, Netherlands",21,lwe_thickness_of_surface_snow_amount,lwe_thickness_of_surface_snow_amount,sde,0,,0,8,20241021,8,0,0,1200,21,0,0,0,unknown,,,0,1,0,0,43,152100,g,255,Latitude/Longitude Grid,0,1,regular_ll,8,0,12,29,0.029,0,1,3066,1,66,sfc,0,1.0,1,0,18,0.018,0,0,1,2460605.0,0.0,,49000,49.0,56002,56.002,,789,0,0,0,0.0,11281,11.281,,66.1,0.0,56401f3f2f423f17db2ee9b74d091e25,1df3766ccd6c14c2276a5e5e48979df3,25054bd34e0ccb5b6863f8b60d0ad999,15c9e4d715a69cb80bef2ee4d97566a9,1cd8c63ff8aa2d847360bd84c2370119,7fda8da2f5baa1cf765f9cb016b575be,0.0,0,9999,10,Snow depth,Snow depth,255,0,0,90455,152100,61645,12,90455,182,0,0.0,0,2,5.397605346934028e-79,grid_simple,,,,,3066,3066,0,SD Snow depth m,of water equivalent,hPa,0,,33,6367470,0.0,5.397605346934028e-79,136,0,0,0,0,0,1.0,64,0,0,0,0,0,0,8,28,,760,19020,,12,4,0,grid_simple,sde,sde,0.0,0,0.0,0,0,instant,unknown,1,255,0,1,0,0,19832,heightAboveGround,heightAboveGround,1,m,m,1.1754943508222875e-38,1,20241021,2460604.5083333333,1200,,0,2024,24,
51,7777,1,390,390,0,0,0,1,0,0,0,1000,0.0,-19,255,,0,0,0,0,knmi,"DeBilt, Netherlands",21,unknown,unknown,unknown,0,,0,8,20241021,8,0,0,1200,21,0,0,0,unknown,,,0,1,0,0,43,152100,g,255,Latitude/Longitude Grid,0,1,regular_ll,8,0,12,29,0.029,0,1,0,1,61,sfc,0,1.0,1,0,18,0.018,0,0,1,2460605.0,0.0,,49000,49.0,56002,56.002,,789,0,0,0,0.0,11281,11.281,,61.253,0.0,3a08f68185ed80e797fa94178951537e,f85261acf1309b186fe4fbb070fba129,23554af653b4e2b4065ea41026d6a5c9,15c9e4d715a69cb80bef2ee4d97566a9,,7b86483fa47ece444e5f2fbe4d8c74ba,0.0,0,9999,10,unknown,unknown,255,0,0,152100,152100,0,,152100,182,0,0.0,0,2,5.397605346934028e-79,grid_simple,,,,,0,0,0,61,61,hPa,0,,33,6367470,0.0,5.397605346934028e-79,136,0,0,0,0,0,1.0,64,0,0,0,0,0,0,8,28,,760,,,12,4,0,grid_simple,unknown,unknown,0.0,0,0.0,0,0,accum,unknown,1,255,0,253,0,4,812,heightAboveGround,heightAboveGround,1,unknown,unknown,1.1754943508222875e-38,1,20241021,2460604.5083333333,1200,,0,2024,24,
52,7777,1,390,390,0,0,0,1,0,0,0,1000,20653.6316264569,-8,255,,0,24,24,0,knmi,"DeBilt, Netherlands",21,unknown,unknown,unknown,0,,0,8,20241021,8,57037,0,1200,21,0,0,0,unknown,,,0,1,0,0,43,152100,g,255,Latitude/Longitude Grid,0,1,regular_ll,8,0,12,29,0.029,0,1,0,1,20,sfc,0,0.0,1,0,18,0.018,0,0,1,2460605.0,-1.0943513302480596,,49000,49.0,56002,56.002,,789,0,0,0,0.0,11281,11.281,,20.253,50000.00166320801,5b4901ff2422a957afadd6e1fa41d5c4,136b3b8fb7f447331543f5994d25f0d0,abead6bf48af98bdac68df8e9fc26503,15c9e4d715a69cb80bef2ee4d97566a9,,d9e306b47f73d77ad355f5db2d507259,74.28291320800781,0,9999,10,unknown,unknown,255,0,0,152100,152100,0,,152100,182,0,0.0,0,2,0.00196075439453125,grid_simple,,,,,0,0,0,20,20,hPa,0,,33,6367470,74.28291320800781,1.52587890625e-05,136,0,0,0,0,0,1.0,64,0,0,0,0,0,0,8,28,,760,,,456312,4,0,grid_simple,unknown,unknown,0.44349718744950367,0,13329.077101844294,0,0,instant,unknown,1,255,0,253,0,0,457112,heightAboveGround,heightAboveGround,1,unknown,unknown,7.62939453125e-06,1,20241021,2460604.5083333333,1200,,0,2024,24,
53,7777,1,390,390,0,0,0,1,0,0,0,1000,284.8094672249776,-20,255,,0,24,24,0,knmi,"DeBilt, Netherlands",21,unknown,unknown,unknown,0,,0,8,20241021,8,57037,0,1200,21,0,0,0,unknown,,,0,1,0,0,43,152100,g,255,Latitude/Longitude Grid,0,1,regular_ll,8,0,12,29,0.029,0,1,0,1,17,sfc,0,0.0,1,0,18,0.018,0,0,1,2460605.0,0.07551051540946663,,49000,49.0,56002,56.002,,789,2,0,0,0.0,11281,11.281,,17.253,290.4725160598755,d19749e0122de958f6eca94f7d0e12bf,79f48cab3b298e784e3136c652ef3c57,0a85a1b0576edf07c0f6569a2f180af2,15c9e4d715a69cb80bef2ee4d97566a9,,e08dafed52650271204ea56de059d263,279.4943571090698,0,9999,10,unknown,unknown,255,0,0,152100,152100,0,,152100,182,0,0.0,0,2,0.00012254714965820312,grid_simple,,,,,0,0,0,17,17,hPa,0,,33,6367470,279.494140625,0.000244140625,136,0,0,0,0,0,1.0,64,0,0,0,0,0,0,8,28,,760,,,456312,4,0,grid_simple,unknown,unknown,0.3976910971945432,0,1.6111900900367009,0,0,instant,unknown,1,255,0,253,0,0,457112,heightAboveGround,heightAboveGround,1,unknown,unknown,3.0517578125e-05,1,20241021,2460604.5083333333,1200,,0,2024,24,
54,7777,1,390,390,0,0,0,1,0,0,0,1000,3818.1534097692956,-10,0,,1,24,24,0,knmi,"DeBilt, Netherlands",21,unknown,unknown,unknown,0,,0,8,20241021,0,49585,0,1200,21,0,0,0,unknown,,,0,1,0,0,43,152100,g,255,Latitude/Longitude Grid,0,1,regular_ll,0,0,12,29,0.029,0,1,0,1,186,sfc,0,0.0,1,0,18,0.018,0,0,1,2460605.0,1.146963703793472,,49000,49.0,56002,56.002,,789,0,0,0,0.0,11281,11.281,,186.253,13833.189531326294,23c29a8194b0d912214774cb5b4620a7,e58eba5734782d7600b08ed2180a6a47,570e1e16dc53e6b580242bde4001b039,15c9e4d715a69cb80bef2ee4d97566a9,325d90cb3b24c8c7abef7c1308e58cd4,af3fa2075dbaa4fa10eb14e086f73fcd,4.942461013793945,0,9999,10,unknown,unknown,255,0,0,132227,152100,19873,12,132227,182,0,0.0,0,2,0.0004887580871582031,grid_simple,,,,,0,0,0,186,186,hPa,0,,33,6367470,4.942461013793945,9.5367431640625e-07,136,0,0,0,0,0,1.0,64,0,0,0,0,0,0,8,28,,760,19020,,396692,4,0,grid_simple,unknown,unknown,1.0733940700601905,0,2975.7346312557193,0,0,instant,unknown,1,255,0,253,0,0,416512,entireAtmosphere,entireAtmosphere,1,unknown,unknown,4.76837158203125e-07,1,20241021,2460604.5083333333,1200,,0,2024,24,
55,7777,1,390,390,0,0,0,1,0,0,0,1000,0.03071481469428359,-24,255,,0,24,24,0,knmi,"DeBilt, Netherlands",21,unknown,unknown,unknown,0,,0,8,20241021,8,57037,0,1200,21,0,0,0,unknown,,,0,1,0,0,43,152100,g,255,Latitude/Longitude Grid,0,1,regular_ll,8,0,12,29,0.029,0,1,0,1,201,sfc,0,0.0,1,0,18,0.018,0,0,1,2460605.0,19.3709374671793,,49000,49.0,56002,56.002,,789,0,0,0,0.0,11281,11.281,,201.253,0.7434341907501221,f821ff640087ab6179d9dc881c97f173,c3f5cc335f6e77da38de5dc8950894fa,113750011bf7dd8b348c76682eb9408b,15c9e4d715a69cb80bef2ee4d97566a9,,8fb009208182f64cbf93364509e1efc8,7.718662695097824e-19,0,9999,10,unknown,unknown,255,0,0,152100,152100,0,,152100,182,0,0.0,0,2,2.9802322387695312e-08,grid_simple,,,,,0,0,0,201,201,hPa,0,,33,6367470,7.718662695097824e-19,5.169878828456423e-26,136,0,0,0,0,0,1.0,64,0,0,0,0,0,0,8,28,,760,,,456312,4,0,grid_simple,unknown,unknown,3.8073639502574,0,0.06259321166812094,0,0,instant,unknown,1,255,0,253,0,0,457112,entireAtmosphere,entireAtmosphere,1,unknown,unknown,5.169878828456423e-26,1,20241021,2460604.5083333333,1200,,0,2024,24,
